ipsedID,county,avgCasePerCapita,fipsCode,school,state,flag,stateCHECK,vaxPolicySchoolnameCHECK,enforceDateCHECK,typeCHECK,mask,maskEnforceDate,allStudentsCHECK,urlVaxCHECK,urlMask
100830,Montgomery County,208.4052069,1101,Auburn University at Montgomery,AL,0,AL,Auburn University at Montgomery,,Public,1,2021-08-09,0,https://www.aum.edu/coronavirus/#1634922433431-0eb7a6c2-796e,https://www.aum.edu/coronavirus/#1634922433431-0eb7a6c2-796e
100858,Lee County,197.2058596,1081,Auburn University,AL,0,AL,Auburn University,,Public,1,2021-08-03,0,https://web.archive.org/web/20210812060612/https://auburn.edu/covid-resource-center/policies/safe-practices/,https://web.archive.org/web/20210812060612/https://auburn.edu/covid-resource-center/policies/safe-practices/
101541,Perry County,184.5842069,1105,Judson College,AL,1,MI,Albion College,2021-05-19,Private,,,1,https://www.albion.edu/albion-college-to-require-a-covid-19-vaccination-before-returning-to-campus-for-the-fall-2021-semester/,
101879,Lauderdale County,223.7464384,1077,University of North Alabama,AL,0,AL,University of North Alabama,2021-04-07,Public,1,,1,https://www.una.edu/healthservices/immunization-requirements.html,https://www.una.edu/healthservices/immunization-requirements.html
102368,Pike County,191.988665,1109,Troy University,AL,0,AL,Troy University,2021-04-06,Public,1,,0,https://www.troy.edu/coronavirus/,https://www.troy.edu/coronavirus/
102377,Macon County,177.3199865,1087,Tuskegee University,AL,0,AL,Tuskegee University,2021-04-09,Private,1,,0,https://www.tuskegee.edu/coronavirus-resources,https://www.tuskegee.edu/coronavirus-resources
102553,Anchorage Municipality,308.7216047,2020,University of Alaska Anchorage,AK,0,AK,University of Alaska Anchorage,2021-04-23,Public,1,,0,"https://www.uaa.alaska.edu/residence-life/current-residents/covid-19-policies-2021.cshtml#:~:text=The%20University%20of%20Alaska%20Anchorage,guidance%20from%20public%20health%20officials.","https://www.uaa.alaska.edu/residence-life/current-residents/covid-19-policies-2021.cshtml#:~:text=The%20University%20of%20Alaska%20Anchorage,guidance%20from%20public%20health%20officials."
104179,Pima County,208.6247303,4019,University of Arizona,AZ,0,AZ,University of Arizona,2021-05-10,Public,1,,0,https://covid19.arizona.edu/vaccine,https://covid19.arizona.edu/vaccine
106245,Pulaski County,226.6153756,5119,University of Arkansas at Little Rock,AR,0,AR,University of Arkansas at Little Rock,2021-05-17,Public,1,,0,https://health.uark.edu/coronavirus/,https://health.uark.edu/coronavirus/
106397,Washington County,246.2044889,5143,University of Arkansas,AR,0,AR,University of Arkansas,2021-06-15,Public,1,,0,https://health.uark.edu/coronavirus/returning-to-campus/section-4-vaccine.php,https://health.uark.edu/coronavirus/returning-to-campus/section-4-vaccine.php
107558,Johnson County,216.8308904,5071,University of the Ozarks,AR,0,AR,University of the Ozarks,2021-07-22,Private,1,,1,https://occ.edu/about/covid-response,https://occ.edu/about/covid-response
107877,Lawrence County,270.7918571,5075,Williams Baptist University,AR,0,AR,Williams Baptist University,2021-06-23,Private,1,,0,https://williamsbu.edu/coronavirus-faq/,https://williamsbu.edu/coronavirus-faq/
110422,San Luis Obispo County,171.6445468,6079,California Polytechnic State University-San Luis Obispo,CA,0,CA,California Polytechnic State University at San Luis Obispo,2021-04-22,Public,1,,1,https://www2.calstate.edu/csu-system/news/Pages/CSU-COVID-Vax-Requirement-FDA-Approval.aspx,
110486,Kern County,227.7363756,6029,California State University-Bakersfield,CA,0,CA,California State University at Bakersfield,2021-04-22,Public,1,,1,https://www2.calstate.edu/csu-system/news/Pages/CSU-COVID-Vax-Requirement-FDA-Approval.aspx,
110495,Stanislaus County,210.8018904,6099,California State University-Stanislaus,CA,0,CA,California State University-Stanislaus,2021-04-22,Public,1,,1,https://www2.calstate.edu/csu-system/news/Pages/CSU-COVID-Vax-Requirement-FDA-Approval.aspx,
110556,Fresno County,218.9677931,6019,California State University-Fresno,CA,0,CA,California State University at Fresno,2021-04-22,Public,1,,1,https://www2.calstate.edu/csu-system/news/Pages/CSU-COVID-Vax-Requirement-FDA-Approval.aspx,
110680,San Diego County,208.0180788,6073,University of California-San Diego,CA,0,CA,University of California at San Diego,2021-04-22,Public,1,,1,https://www.universityofcalifornia.edu/press-room/uc-encourages-covid-19-vaccinations-university-communities-while-reviewing-policy,
115755,Humboldt County,126.2733571,6023,Humboldt State University,CA,0,CA,Humboldt State University,2021-04-22,Public,1,,1,https://www2.calstate.edu/csu-system/news/Pages/CSU-COVID-Vax-Requirement-FDA-Approval.aspx,
120184,San Mateo County,144.4356244,6081,Notre Dame de Namur University,CA,0,CA,Notre Dame de Namur University,2021-05-26,Private,1,,1,https://www.ndnu.edu/resources/covid-19-info/,https://www.ndnu.edu/resources/covid-19-info/
123457,Shasta County,175.7887463,6089,Simpson University,CA,0,VA,Simpson University,2021-04-08,Private,1,,1,https://www.simpsonu.edu/Pages/About/Resources/Campus/COVID-19/index.html,https://www.simpsonu.edu/Pages/About/Resources/Campus/COVID-19/index.html
123572,Sonoma County,150.0577365,6097,Sonoma State University,CA,0,CA,Sonoma State University,2021-04-22,Public,1,,1,https://www2.calstate.edu/csu-system/news/Pages/CSU-COVID-Vax-Requirement-FDA-Approval.aspx,
126562,Adams County,219.0341909,8001,University of Colorado Denver/Anschutz Medical Campus,CO,0,CO,University of Colorado-Anschutz Medical Campus,2021-04-28,Public,1,,1,https://president.cu.edu/statements/cu-requires-vaccine-fall-semester-2021,
126614,Boulder County,167.0563288,8013,University of Colorado Boulder,CO,0,CO,University of Colorado at Boulder,2021-04-28,Public,1,,1,https://president.cu.edu/statements/cu-requires-vaccine-fall-semester-2021,
128771,Hartford County,171.7209323,9003,Central Connecticut State University,CT,0,CT,Central Connecticut State University,2021-06-25,Public,1,,1,https://www.ct.edu/covid19#faqs,
128902,New London County,178.6983522,9011,Connecticut College,CT,0,CT,Connecticut College,2021-05-12,Private,1,,1,https://www.conncoll.edu/campus-life/student-health-services/coronavirus/coronavirus-communications/students/student-vaccination-requirement-may-12-2021/,
130697,Middlesex County,149.377516,9007,Wesleyan University,CT,0,CT,Wesleyan University,2021-04-13,Private,1,,1,http://coronavirus.blogs.wesleyan.edu/2021/04/13/april-13-2021-student-vaccination-requirement-for-fall-2021/,
130794,New Haven County,197.6579433,9009,Yale University,CT,0,CT,Yale University,2021-04-19,Private,1,,1,https://www.wfsb.com/news/yale-university-requiring-all-students-to-get-vaccinated-before-returning-to-campus/article_6d599bfc-a121-11eb-8fe8-4f87c780682c.html,
130934,Kent County,239.3891293,10001,Delaware State University,DE,0,DE,Delaware State University,2021-04-23,Public,1,,1,https://delawarebusinesstimes.com/colleges-and-universities/dsu-require-booster/,https://delawarebusinesstimes.com/colleges-and-universities/dsu-require-booster/
130943,New Castle County,226.2645271,10003,University of Delaware,DE,0,DE,University of Delaware,2021-05-05,Public,1,,1,https://www.udel.edu/udaily/2021/may/covid-19-coronavirus-vaccination-requirement-students/,
133669,Palm Beach County,213.0184138,12099,Florida Atlantic University,FL,0,FL,Florida Atlantic University,2021-04-19,Public,1,,0,https://www.fau.edu/coronavirus/,https://www.fau.edu/coronavirus/
137032,Pasco County,190.6657709,12101,Saint Leo University,FL,0,FL,Saint Leo University,2021-06-08,Private,1,,0,https://www.saintleo.edu/protect-the-pride/vaccine-incentive,https://www.saintleo.edu/protect-the-pride/vaccine-incentive
137351,Hillsborough County,220.2466675,12057,University of South Florida,FL,0,FL,University of South Florida,2021-08-04,Public,1,,0,https://www.usf.edu/coronavirus/vaccinations.aspx,https://www.usf.edu/coronavirus/vaccinations.aspx
138309,Marion County,196.8460961,12083,Rasmussen University-Florida,FL,0,FL,Rasmussen University-Florida,2021-05-17,Private,1,,0,https://www.rasmussen.edu/coronavirus/,https://www.rasmussen.edu/coronavirus/
138354,Escambia County,220.8806712,12033,The University of West Florida,FL,0,FL,The University of West Florida,2021-08-26,Public,1,,0,"https://uwf.edu/coronavirus/covid-19-vaccine-information/#:~:text=The%20University%20of%20West%20Florida,healthier%20environment%20for%20all%20Argos.&text=All%20Florida%20residents%20age%205,receive%20the%20COVID%2D19%20vaccine.","https://uwf.edu/coronavirus/covid-19-vaccine-information/#:~:text=The%20University%20of%20West%20Florida,healthier%20environment%20for%20all%20Argos.&text=All%20Florida%20residents%20age%205,receive%20the%20COVID%2D19%20vaccine."
139199,Hall County,224.6441638,13139,Brenau University,GA,0,GA,Brenau University,2021-06-30,Private,1,,0,https://www.brenau.edu/covid-faq/,https://www.brenau.edu/covid-faq/
139463,Whitfield County,280.0068042,13313,Dalton State College,GA,0,GA,Dalton State College,2021-08-20,Public,1,,0,https://www.daltonstate.edu/skins/userfiles/files/DSC%20Vaccine%20Incentive%20Plan.pdf,https://www.daltonstate.edu/skins/userfiles/files/DSC%20Vaccine%20Incentive%20Plan.pdf
139630,Franklin County,192.8701305,13119,Emmanuel College,GA,0,GA,Emmanuel College,2021-05-03,Private,1,,0,https://ec.edu/community-health/,https://ec.edu/community-health/
139755,Fulton County,175.842383,13121,Georgia Institute of Technology-Main Campus,GA,0,GA,Georgia Institute of Technology-Main Campus,2021-08-26,Public,1,,0,https://www.google.com/search?q=Georgia+Institute+of+Technology-Main+Campus+vaccine&rlz=1C5CHFA_enUS899US900&sxsrf=ALiCzsYyzSjGJGXF22PC2i9uF1O26ocOtw%3A1651604286711&ei=PntxYpqFK7bNytMPjdC52A8&ved=0ahUKEwianMa2gcT3AhW2pnIEHQ1oDvsQ4dUDCA8&uact=5&oq=Georgia+Institute+of+Technology-Main+Campus+vaccine&gs_lcp=Cgdnd3Mtd2l6EAMyBQghEKABMgUIIRCgATIFCCEQoAEyBQghEKABOgcIABBHELADOgoIABDkAhCwAxgBOg8ILhDUAhDIAxCwAxBDGAI6BggAEBYQHjoFCAAQhgM6BQghEKsCOggIIRAWEB0QHkoECEEYAEoECEYYAVCuA1iwCmDLC2gBcAF4AIABaIgB9gWSAQM1LjOYAQCgAQHIAQ3AAQHaAQYIARABGAnaAQYIAhABGAg&sclient=gws-wiz,https://www.google.com/search?q=Georgia+Institute+of+Technology-Main+Campus+vaccine&rlz=1C5CHFA_enUS899US900&sxsrf=ALiCzsYyzSjGJGXF22PC2i9uF1O26ocOtw%3A1651604286711&ei=PntxYpqFK7bNytMPjdC52A8&ved=0ahUKEwianMa2gcT3AhW2pnIEHQ1oDvsQ4dUDCA8&uact=5&oq=Georgia+Institute+of+Technology-Main+Campus+vaccine&gs_lcp=Cgdnd3Mtd2l6EAMyBQghEKABMgUIIRCgATIFCCEQoAEyBQghEKABOgcIABBHELADOgoIABDkAhCwAxgBOg8ILhDUAhDIAxCwAxBDGAI6BggAEBYQHjoFCAAQhgM6BQghEKsCOggIIRAWEB0QHkoECEEYAEoECEYYAVCuA1iwCmDLC2gBcAF4AIABaIgB9gWSAQM1LjOYAQCgAQHIAQ3AAQHaAQYIARABGAnaAQYIAhABGAg&sclient=gws-wiz
139764,Sumter County,195.6244335,13261,Georgia Southwestern State University,GA,0,GA,Georgia Southwestern State University,2021-08-23,Public,1,,0,https://www.gsw.edu/covid/,https://www.gsw.edu/covid/
140447,Bibb County,208.5970899,13021,Mercer University,GA,0,GA,Mercer University,2021-08-26,Private,1,,0,https://www.mercer.edu/coronavirus/faq/,https://www.mercer.edu/coronavirus/faq/
141264,Lowndes County,227.1285579,13185,Valdosta State University,GA,0,GA,Valdosta State University,2021-04-26,Public,1,,0,https://www.valdosta.edu/health-advisory/vaccine-incentive.php,https://www.valdosta.edu/health-advisory/vaccine-incentive.php
141565,Hawaii County,112.4583633,15001,University of Hawaii at Hilo,HI,0,HI,University of Hawaii at Hilo,2021-05-17,Public,1,,1,https://www.hawaii.edu/news/2021/05/17/uh-to-require-covid-19-vaccination/,
142115,Ada County,239.4640567,16001,Boise State University,ID,0,ID,Boise State University,2021-04-23,Public,1,,0,https://www.boisestate.edu/coronavirus-response/,https://www.boisestate.edu/coronavirus-response/
143288,Macoupin County,243.7807167,17117,Blackburn College,IL,0,IL,Blackburn College,2021-08-26,Private,1,,1,https://www.illinois.gov/government/executive-orders/executive-order.executive-order-number-20.2021.html,
143358,Peoria County,223.7140111,17143,Bradley University,IL,0,IL,Bradley University,2021-08-26,Private,1,,1,https://www.illinois.gov/government/executive-orders/executive-order.executive-order-number-20.2021.html,
144892,Coles County,259.4938313,17029,Eastern Illinois University,IL,0,IL,Eastern Illinois University,2021-08-26,Public,1,,1,https://www.illinois.gov/government/executive-orders/executive-order.executive-order-number-20.2021.html,
145372,Bond County,221.3089889,17005,Greenville University,IL,0,IL,Greenville University,2021-08-26,Private,1,,1,https://www.illinois.gov/government/executive-orders/executive-order.executive-order-number-20.2021.html,
145600,Cook County,189.8877685,17031,University of Illinois Chicago,IL,0,IL,University of Illinois at Chicago,2021-06-21,Public,1,,1,https://massmail.illinois.edu/massmail/1167605264.html,
145813,McLean County,250.1755197,17113,Illinois State University,IL,0,IL,Illinois State University,2021-07-28,Public,1,,1,https://news.illinoisstate.edu/2021/07/coronavirus-update-july-28-2021-new-face-covering-vaccine-and-testing-requirements/,
146481,Lake County,185.6142426,17097,Lake Forest College,IL,0,IL,Lake Forest College,2021-05-20,Private,1,,1,https://www.lakeforest.edu/about-us/administration/covid-19-information/previous-correspondence,
146533,Vermilion County,316.7381059,17183,Lakeview College of Nursing,IL,0,IL,Lakeview College of Nursing,2021-08-26,Private,1,,1,https://www.illinois.gov/government/executive-orders/executive-order.executive-order-number-20.2021.html,
147244,Macon County,252.0208608,17115,Millikin University,IL,0,IL,Millikin University,2021-08-26,Private,1,,1,https://www.illinois.gov/government/executive-orders/executive-order.executive-order-number-20.2021.html,
147703,DeKalb County,192.0356663,17037,Northern Illinois University,IL,0,IL,Northern Illinois University,2021-06-23,Public,1,,1,https://www.niu.edu/protecting-the-pack/communication/messaging/6-23-21-requiring-covid-19-vaccination-for-students-employees.html,
148131,Adams County,293.3551034,17001,Quincy University,IL,0,IL,Quincy University,2021-08-26,Private,1,,1,https://www.quincy.edu/coronavirus/,
148405,Winnebago County,233.3591404,17201,Rockford University,IL,0,IL,Rockford University,2021-08-26,Private,1,,1,https://www.illinois.gov/government/executive-orders/executive-order.executive-order-number-20.2021.html,
149222,Jackson County,235.6958251,17077,Southern Illinois University-Carbondale,IL,0,IL,Southern Illinois University at Carbondale,2021-08-26,Public,1,,1,https://www.illinois.gov/government/executive-orders/executive-order.executive-order-number-20.2021.html,
149231,Madison County,230.5313855,17119,Southern Illinois University-Edwardsville,IL,0,IL,Southern Illinois University at Edwardsville,2021-08-26,Public,1,,1,https://www.illinois.gov/government/executive-orders/executive-order.executive-order-number-20.2021.html,
150066,Madison County,217.1513436,18095,Anderson University,IN,0,IN,Anderson University,2021-08-26,Private,1,,0,https://andersonuniversity.edu/news/journey-ahead-vaccination,https://andersonuniversity.edu/news/journey-ahead-vaccination
150604,Johnson County,230.2494323,18081,Franklin College,IN,0,IN,Franklin College,2021-08-24,Private,1,,0,https://franklincollege.edu/wp-content/uploads/2021/08/FortifyFranklinUpdate_082321.pdf,https://franklincollege.edu/wp-content/uploads/2021/08/FortifyFranklinUpdate_082321.pdf
150677,Kosciusko County,213.536415,18085,Grace College and Theological Seminary,IN,0,IL,Garrett-Evangelical Theological Seminary,2021-08-26,Private,1,,1,https://www.illinois.gov/government/executive-orders/executive-order.executive-order-number-20.2021.html,
150941,Huntington County,268.4911145,18069,Huntington University,IN,0,IN,Huntington University,2021-05-10,Private,1,,1,https://www.huntington.edu/uploads/documents/COVID-19_General_Operational_Guildelines.pdf,https://www.huntington.edu/uploads/documents/COVID-19_General_Operational_Guildelines.pdf
151111,Marion County,201.0034926,18097,Indiana University-Purdue University-Indianapolis,IN,0,IN,Indiana University-Purdue University at Indianapolis,2021-05-21,Public,1,,1,https://www.iu.edu/covid/prevention/covid-19-vaccine.html,
151324,Vigo County,231.9821884,18167,Indiana State University,IN,0,IN,Indiana State University,2021-08-24,Public,1,,0,https://www.indstate.edu/covid,https://www.indstate.edu/covid
151379,Floyd County,207.3655887,18043,Indiana University-Southeast,IN,0,IN,Indiana University-Southeast,2021-05-21,Public,1,,1,https://www.iu.edu/covid/prevention/covid-19-vaccine.html,
151777,Wabash County,239.6900862,18169,Manchester University,IN,0,IN,Manchester University,2021-06-07,Private,1,,0,https://www.manchester.edu/student-life/health-and-sports-medicine/covid-19-vaccine-information,https://www.manchester.edu/student-life/health-and-sports-medicine/covid-19-vaccine-information
151801,Grant County,226.3800973,18053,Indiana Wesleyan University-Marion,IN,0,IN,Indiana Wesleyan University-Marion,2021-08-26,Private,1,,0,https://www.indwes.edu/covid-19/marion-campus/,https://www.indwes.edu/covid-19/marion-campus/
152080,St. Joseph County,223.93708,18141,University of Notre Dame,IN,0,IN,University of Notre Dame,2021-04-07,Private,1,,1,https://here.nd.edu/health-safety/covid-19-vaccination-information/faculty-and-staff-vaccination-requirement/,
152099,Gibson County,296.1899766,18051,Oakland City University,IN,0,IN,Oakland City University,2021-04-06,Private,1,,1,https://oakland.edu/return-to-campus/,https://oakland.edu/return-to-campus/
153108,Marion County,194.1600394,19125,Central College,IA,0,IA,Central College,2021-08-20,Private,1,,0,https://central.edu/health/covid-19/,https://central.edu/health/covid-19/
153250,Sioux County,195.6486786,19167,Dordt University,IA,0,IA,Dordt University,2021-04-26,Private,1,,0,https://www.dordt.edu/student-life/student-health-and-counseling-center/health-immunization-requirements,https://www.dordt.edu/student-life/student-health-and-counseling-center/health-immunization-requirements
153603,Story County,174.962936,19169,Iowa State University,IA,0,IA,Iowa State University,2021-04-23,Public,1,,0,https://web.iastate.edu/safety/updates/covid19/vaccinations,https://web.iastate.edu/safety/updates/covid19/vaccinations
154350,Warren County,208.0765185,19181,Simpson College,IA,0,IA,Simpson College,2021-08-12,Private,1,,0,https://simpson.edu/covid19,https://simpson.edu/covid19
154590,Mahaska County,186.158734,19123,William Penn University,IA,0,IA,William Penn University,2021-06-23,Private,1,,0,https://www.wmpenn.edu/vaccine-documentation/,https://www.wmpenn.edu/vaccine-documentation/
154749,Harvey County,238.7221749,20079,Bethel College-North Newton,KS,0,KS,Bethel College-North Newton,2021-04-28,Private,1,,0,https://www.bethel.edu/covid-19/community-information/vaccine,https://www.bethel.edu/covid-19/community-information/vaccine
155025,Lyon County,256.6192401,20111,Emporia State University,KS,0,KS,Emporia State University,2021-04-23,Public,1,,0,https://www.emporia.edu/student-life/health-wellness/student-health-services/student-health-services-meningitis-policy/,https://www.emporia.edu/student-life/health-wellness/student-health-services/student-health-services-meningitis-policy/
156082,Shawnee County,234.6261761,20177,Washburn University,KS,0,KS,Washburn University,2021-08-11,Public,1,,0,https://www.washburn.edu/student-life/health-safety/wuvax.html,https://www.washburn.edu/student-life/health-safety/wuvax.html
156213,Jessamine County,240.0038374,21113,Asbury University,KY,0,KY,Asbury University,2021-07-21,Private,1,,0,https://www.asbury.edu/covid19plan/covidfaqs/,https://www.asbury.edu/covid19plan/covidfaqs/
156745,Scott County,254.8088424,21209,Georgetown College,KY,0,KY,Georgetown College,2021-04-28,Private,1,,0,https://www.carleton.edu/covid/updates/message-from-president-poskanzer-sharing-the-framework-for-fall-2021/,
157216,Adair County,260.8833781,21001,Lindsey Wilson College,KY,0,KY,Lindsey Wilson College,2021-05-04,Private,1,,0,https://www.lindsey.edu/news/story.cfm?id=1220,https://www.lindsey.edu/news/story.cfm?id=1220
157447,Campbell County,210.7639951,21037,Northern Kentucky University,KY,0,KY,Northern Kentucky University,2021-06-23,Public,1,,0,https://inside.nku.edu/studentaffairs/departments/hcsw/health/health-faqs/immunization-vaccination-information.html,https://inside.nku.edu/studentaffairs/departments/hcsw/health/health-faqs/immunization-vaccination-information.html
157535,Pike County,281.0258953,21195,University of Pikeville,KY,0,KY,University of Pikeville,2021-08-04,Private,1,,0,https://www.upike.edu/healthy-at-upike/,https://www.upike.edu/healthy-at-upike/
159647,Lincoln Parish,211.0948485,22061,Louisiana Tech University,LA,0,LA,Louisiana Tech University,2021-08-23,Public,1,,1,https://www.klfy.com/health/coronavirus/university-of-louisiana-system-will-require-student-covid-19-vaccinations/,
159993,Ouachita Parish,266.1668337,22073,University of Louisiana at Monroe,LA,0,LA,University of Louisiana at Monroe,2021-08-23,Public,1,,1,https://www.klfy.com/health/coronavirus/university-of-louisiana-system-will-require-student-covid-19-vaccinations/,
160409,St. Tammany Parish,225.8420308,22103,Saint Joseph Seminary College,LA,0,LA,Saint Joseph Seminary College,2021-08-26,Private,1,,1,https://www.sju.edu/hawk-hill-ahead/health-and-safety/monitoring,https://www.sju.edu/hawk-hill-ahead/health-and-safety/monitoring
161217,Kennebec County,161.9265259,23011,University of Maine at Augusta,ME,0,ME,University of Maine at Augusta,2021-08-04,Public,1,,1,https://www.maine.edu/together/community-guidance/students/,
161226,Franklin County,159.6511687,23007,University of Maine at Farmington,ME,0,ME,University of Maine at Farmington,2021-08-04,Public,1,,1,https://www.maine.edu/together/community-guidance/students/,
161299,Hancock County,114.565835,23009,Maine Maritime Academy,ME,0,ME,Maine Maritime Academy,2021-08-12,Public,1,,1,https://mainemaritime.edu/about-mma/press-releases/maine-maritime-academy-announces-student-vaccine-requirement-for-fall-2021/,
161554,Cumberland County,141.8195308,23005,University of Southern Maine,ME,0,ME,University of Southern Maine,2021-08-04,Public,1,,1,https://www.maine.edu/together/community-guidance/students/,
162584,Allegany County,88.89290394,24001,Frostburg State University,MD,0,MD,Frostburg State University,2021-04-23,Public,1,,1,https://www.usmd.edu/newsroom/news/2154,
163462,Frederick County,68.52456897,24021,Mount St. Mary's University,MD,0,MD,Mount St. Mary's University,2021-05-04,Private,1,,1,https://inside.msmary.edu/return-to-the-mount/covid-19-info/vaccine-policies.html,
163912,St. Mary's County,49.52364901,24037,St. Mary's College of Maryland,MD,0,MD,St. Mary's College of Maryland,2021-05-12,Public,1,,1,https://www.smcm.edu/fall-2021/,
164580,Norfolk County,161.4110209,25021,Babson College,MA,0,MA,Babson College,2021-05-19,Private,1,,1,https://www.babson.edu/emergency-preparedness/return-to-campus/vaccination/,https://www.babson.edu/emergency-preparedness/return-to-campus/vaccination/
165024,Plymouth County,191.3214261,25023,Bridgewater State University,MA,0,MA,Bridgewater State University,2021-04-26,Public,1,,1,https://www.salemstate.edu/news/fall-2021-semester-covid-19-vaccine-requirement-apr-26-2021,
165820,Worcester County,199.9182722,25027,Fitchburg State University,MA,0,MA,Fitchburg State University,2021-04-26,Public,1,,1,https://www.salemstate.edu/news/fall-2021-semester-covid-19-vaccine-requirement-apr-26-2021,
166629,Hampshire County,149.2289581,25015,University of Massachusetts-Amherst,MA,0,MA,University of Massachusetts at Amherst,2021-04-22,Public,1,,1,https://www.umass.edu/coronavirus/news/message-chancellor-about-additional-public-health-measures-fall-2021-semester,
167729,Essex County,224.5130074,25009,Salem State University,MA,0,MA,Salem State University,2021-04-26,Public,1,,1,https://www.salemstate.edu/news/fall-2021-semester-covid-19-vaccine-requirement-apr-26-2021,
167987,Bristol County,228.8996232,25005,University of Massachusetts-Dartmouth,MA,0,MA,University of Massachusetts at Dartmouth,2021-04-30,Public,1,,1,https://www.umassd.edu/covid/vaccine/,
168263,Hampden County,246.0846515,25013,Westfield State University,MA,0,MA,Westfield State University,2021-04-26,Public,1,,1,https://www.salemstate.edu/news/fall-2021-semester-covid-19-vaccine-requirement-apr-26-2021,
168847,Shiawassee County,223.8883818,26155,Baker College,MI,0,ME,Baker College,2021-05-11,Private,1,,0,https://www.baker.edu/coronavirus/,https://www.baker.edu/coronavirus/
169479,Kent County,218.3523485,26081,Davenport University,MI,0,MI,Davenport University,2021-05-24,Private,1,,0,https://www.davenport.edu/coronavirus,https://www.davenport.edu/coronavirus
169910,Mecosta County,169.0547525,26107,Ferris State University,MI,0,MI,Ferris State University,2021-04-23,Public,1,,0,https://www.ferris.edu/HTMLS/news/coronavirus/homepage.htm,https://www.ferris.edu/HTMLS/news/coronavirus/homepage.htm
170286,Hillsdale County,193.9307796,26059,Hillsdale College,MI,0,MI,Hillsdale College,2021-06-10,Private,1,,0,https://hillsdalecollegian.com/2022/01/hillsdales-covid-19-policies-differ-from-other-michigan-colleges/,https://hillsdalecollegian.com/2022/01/hillsdales-covid-19-policies-differ-from-other-michigan-colleges/
170976,Washtenaw County,176.70558,26161,University of Michigan-Ann Arbor,MI,0,MI,University of Michigan at Ann Arbor,2021-04-23,Public,1,,1,https://www.michigandaily.com/administration/u-m-to-require-vaccinations-against-covid-19-for-all-students-living-in-residence-halls-next-fall/,
171128,Houghton County,186.1130025,26061,Michigan Technological University,MI,0,MI,Michigan Technological University,2021-04-13,Public,1,,1,https://www.uppermichiganssource.com/2021/10/29/michigan-tech-employees-must-be-vaccinated-starting-next-semester/,https://www.uppermichiganssource.com/2021/10/29/michigan-tech-employees-must-be-vaccinated-starting-next-semester/
172264,Lenawee County,213.8282057,26091,Siena Heights University,MI,0,MI,Siena Heights University,2021-08-04,Private,1,,0,https://www.sienaheights.edu/who-we-are/resources/siena-safe-campus-plan/,https://www.sienaheights.edu/who-we-are/resources/siena-safe-campus-plan/
172334,Jackson County,213.8410172,26075,Spring Arbor University,MI,0,MI,Spring Arbor University,2021-05-10,Private,1,,0,https://www.arbor.edu/about/offices-and-schools/holton-health-and-wellness-services/covid-19-status/,https://www.arbor.edu/about/offices-and-schools/holton-health-and-wellness-services/covid-19-status/
173957,Olmsted County,223.5806933,27109,Mayo Clinic College of Medicine and Science,MN,0,MN,Mayo Clinic College of Medicine and Science,2021-08-26,Private,1,,1,https://college.mayo.edu/covid19/,https://college.mayo.edu/covid19/
174251,Stevens County,220.3183719,27149,University of Minnesota-Morris,MN,0,MN,University of Minnesota-Morris,2021-08-04,Public,1,,1,https://morris.umn.edu/covid-19,https://morris.umn.edu/covid-19
174783,Stearns County,271.496383,27145,Saint Cloud State University,MN,0,MN,Saint Cloud State University,2021-04-22,Public,1,,0,https://www.stcloudstate.edu/emergency/covid19/student-information/default.aspx,https://www.stcloudstate.edu/emergency/covid19/student-information/default.aspx
175616,Bolivar County,258.251601,28011,Delta State University,MS,0,MS,Delta State University,2021-04-26,Public,1,,0,https://www.deltastate.edu/covid19/updates/,https://www.deltastate.edu/covid19/updates/
176017,Lafayette County,242.3658805,28071,University of Mississippi,MS,0,MS,University of Mississippi,2021-08-31,Public,1,,0,https://coronavirus.olemiss.edu/campus-ready/vaccines/,https://coronavirus.olemiss.edu/campus-ready/vaccines/
176336,Jones County,267.5711256,28067,Southeastern Baptist College,MS,0,MS,Southeastern Baptist College,2021-08-26,Private,1,,0,https://southeasternbaptist.edu/,https://southeasternbaptist.edu/
176372,Forrest County,252.8300172,28035,University of Southern Mississippi,MS,0,MS,University of Southern Mississippi,2021-08-04,Public,1,,0,https://www.usm.edu/covid-19/index.php,https://www.usm.edu/covid-19/index.php
176406,Madison County,194.5977845,28089,Tougaloo College,MS,0,MS,Tougaloo College,2021-07-27,Private,1,,1,https://www.tougaloo.edu/administration/owens-health-and-wellness/covid-19-updates,https://www.tougaloo.edu/administration/owens-health-and-wellness/covid-19-updates
177144,Lewis County,230.5963966,29111,Culver-Stockton College,MO,0,MO,Culver-Stockton College,2021-08-24,Private ,1,,1,https://culver.edu/covid/,https://culver.edu/covid/
178341,Jasper County,245.6040246,29097,Missouri Southern State University,MO,0,MO,Missouri Southern State University,2021-08-23,Public,1,,0,https://emergency.mssu.edu/wp-content/uploads/2022/03/MSSU_COVIDGuidance-Spring-2022-v5.pdf,https://emergency.mssu.edu/wp-content/uploads/2022/03/MSSU_COVIDGuidance-Spring-2022-v5.pdf
178402,Jackson County,256.9240788,29095,University of Missouri-Kansas City,MO,0,MO,University of Missouri-Kansas City,2021-07-30,Public,1,,1,"https://www.umkc.edu/coronavirus/vaccines/index.html#:~:text=The%20vaccination%20requirements%20implemented%20in,care%20settings%2C%20remain%20in%20effect.","https://www.umkc.edu/coronavirus/vaccines/index.html#:~:text=The%20vaccination%20requirements%20implemented%20in,care%20settings%2C%20remain%20in%20effect."
178411,Phelps County,196.2215283,29161,Missouri University of Science and Technology,MO,0,MO,Missouri University of Science and Technology,2021-08-04,Public,1,,0,https://www.muhealth.org/conditions-treatments/coronavirus/vaccine,https://www.muhealth.org/conditions-treatments/coronavirus/vaccine
179326,Polk County,214.2004458,29167,Southwest Baptist University,MO,0,MO,Southwest Baptist University,2021-07-14,Private,1,,0,https://www.sbuniv.edu/coronavirus/,https://www.sbuniv.edu/coronavirus/
180647,Lake County,183.6292783,30047,Salish Kootenai College,MT,0,MT,Salish Kootenai College,2021-04-22,Private,1,,0,https://www.skc.edu/students-covid-19-information/,https://www.skc.edu/students-covid-19-information/
180692,Beaverhead County,180.4494101,30001,The University of Montana-Western,MT,0,MT,The University of Montana-Western,2021-08-26,Public,1,,0,https://www.umwestern.edu/wp-content/uploads/Montana-Western-COVID-19-Guidelines-21-22-9-17-21.pdf,https://www.umwestern.edu/wp-content/uploads/Montana-Western-COVID-19-Guidelines-21-22-9-17-21.pdf
181020,Saline County,119.6635062,31151,Doane University,NE,0,NE,Doane University,2021-04-09,Private,1,,1,https://web.doane.edu/offices-services/public-safety-office/Emergency-Management/Covid-19-Tigers-Together,https://web.doane.edu/offices-services/public-safety-office/Emergency-Management/Covid-19-Tigers-Together
182306,Elko County,189.2161933,32007,Great Basin College,NV,0,NV,Great Basin College,2021-08-20,Public,1,,0,https://www.unlv.edu/news-story/nevada-state-board-health-approves-covid-19-vaccination-requirement-students,
183026,Merrimack County,182.6404667,33013,Southern New Hampshire University,NH,0,NH,Southern New Hampshire University,2021-04-23,Private,1,,1,https://www.snhu.edu/about-us/covid-19,
183044,Strafford County,192.1988892,33017,University of New Hampshire-Main Campus,NH,0,NH,University of New Hampshire-Main Campus,2021-08-02,Public,1,,0,"https://www.unh.edu/health/health-alert-covid-19#:~:text=In%20compliance%20with%20Executive%20Order,to%20be%20employed%20by%20UNH.","https://www.unh.edu/health/health-alert-covid-19#:~:text=In%20compliance%20with%20Executive%20Order,to%20be%20employed%20by%20UNH."
183804,Ocean County,230.6377734,34029,Beth Medrash Govoha,NJ,0,NJ,Beth Medrash Govoha,2021-06-23,Private,1,,0,https://www.bmg.edu/,https://www.bmg.edu/
183974,Warren County,196.082431,34041,Centenary University,NJ,0,NJ,Centenary University,2021-07-13,Private,1,,1,https://www.centenaryuniversity.edu/coronavirus-communications/,
184603,Bergen County,208.1642291,34003,Fairleigh Dickinson University-Metropolitan Campus,NJ,0,NJ,Fairleigh Dickinson University-Metropolitan Campus,2021-04-15,Private,1,,1,https://www.fdu.edu/coronavirus-update/,
184782,Gloucester County,206.3144544,34015,Rowan University,NJ,0,NJ,Rowan University,2021-05-06,Public,1,,1,https://today.rowan.edu/news/2021/05/rowan-offers-vaccination-incentives.html,
185572,Monmouth County,229.301133,34025,Monmouth University,NJ,0,NJ,Monmouth University,2021-06-14,Private,1,,1,https://www.monmouth.edu/covid-19/fall-2021-healthcare-protocols/,
185590,Passaic County,249.1592943,34031,Montclair State University,NJ,0,NJ,Montclair State University,2021-04-22,Public,1,,1,https://www.montclair.edu/redhawk-restart/2021/04/22/important-news-about-covid-19-vaccines/,
186371,Camden County,214.1316601,34007,Rutgers University-Camden,NJ,0,NJ,Rutgers University-Camden,2021-03-25,Public,1,,1,https://www.rutgers.edu/news/rutgers-require-covid-19-vaccine-students,
187596,McKinley County,311.5737365,35031,Navajo Technical University,NM,0,NM,Navajo Technical University,2021-05-10,Public,1,,1,http://www.navajotech.edu/images/covidUpdates/docs/Student_Vaccine_Policy_-_Signed.pdf,http://www.navajotech.edu/images/covidUpdates/docs/Student_Vaccine_Policy_-_Signed.pdf
187985,Bernalillo County,186.4524224,35001,University of New Mexico-Main Campus,NM,0,NM,University of New Mexico-Main Campus,2021-08-02,Public,1,,1,https://bringbackthepack.unm.edu/vaccine/vaccine-requirement.html,
188182,Lea County,231.9592722,35025,University of the Southwest,NM,0,NM,University of the Southwest,2021-04-29,Private,1,,0,https://www.southwestern.edu/live/news/14863-covid-19-health-and-safety-protocols-frequently,https://www.southwestern.edu/live/news/14863-covid-19-health-and-safety-protocols-frequently
188304,Grant County,208.4354754,35017,Western New Mexico University,NM,0,NM,Western New Mexico University,2021-05-24,Public,1,,0,https://wnmu.edu/covid-19-f-a-q/,https://wnmu.edu/covid-19-f-a-q/
190099,Madison County,160.7767574,36053,Colgate University,NY,0,NY,Colgate University,2021-05-05,Private,1,,1,https://www.colgate.edu/colgate-together/university-policies-during-covid-19/vaccination-policy,
190549,Kings County,235.6475911,36047,CUNY Brooklyn College,NY,0,NY,CUNY Brooklyn College,2021-05-10,Public,1,,1,https://twitter.com/NYGovCuomo/status/1391784406453477383?s=20,
190983,Chemung County,220.3839754,36015,Elmira College,NY,0,NY,Elmira College,2021-05-07,Private,1,,1,https://myec.elmira.edu/ICS/icsfs/mm/covid_guidelines_for_students_winter_2022.pdf?target=edaa6f5c-b575-4680-b31d-e5ee4de3745e,https://myec.elmira.edu/ICS/icsfs/mm/covid_guidelines_for_students_winter_2022.pdf?target=edaa6f5c-b575-4680-b31d-e5ee4de3745e
191630,Ontario County,157.3790431,36069,Hobart William Smith Colleges,NY,0,NY,Hobart and William Smith Colleges,2021-08-23,Private,1,,1,https://www2.hws.edu/vaccinations-and-covid-cases/,
192192,Yates County,114.1163424,36123,Keuka College,NY,0,NY,Keuka College,2021-04-29,Private,1,,0,https://www.keuka.edu/together-and-ready,https://www.keuka.edu/together-and-ready
192448,Nassau County,257.5188682,36059,Long Island University,NY,0,NY,Long Island University,2021-06-09,Private,1,2020-08-19,1,https://liu.edu/coronavirus,https://liu.edu/coronavirus
194824,Rensselaer County,171.4115813,36083,Rensselaer Polytechnic Institute,NY,0,NY,Rensselaer Polytechnic Institute,2021-04-16,Private,1,,1,https://www.timesunion.com/news/article/RPI-requires-vaccinations-in-person-classes-for-16107307.php,
195164,Cattaraugus County,173.845984,36009,St Bonaventure University,NY,0,NY,St. Bonaventure University,2021-06-23,Private,1,,1,https://www.sbu.edu/news/news-items/2021/06/23/vaccines-required-for-sbu-students-this-fall,
195809,Queens County,245.9004236,36081,St. John's University-New York,NY,0,NY,St. John's University,2021-04-21,Private,1,,1,https://www.stjohns.edu/about/news/announcements/covid-19-vaccination-requirement-fall-2021,
196060,Albany County,167.3707204,36001,SUNY at Albany,NY,0,NY,SUNY at Albany,2021-05-10,Public,1,,1,https://twitter.com/NYGovCuomo/status/1391784406453477383?s=20,
196097,Suffolk County,249.7245296,36103,Stony Brook University,NY,0,NY,Stony Brook University,2021-05-10,Public,1,,1,https://twitter.com/NYGovCuomo/status/1391784406453477383?s=20,
196246,Clinton County,179.3682426,36019,SUNY College at Plattsburgh,NY,0,NY,SUNY College at Plattsburgh,2021-05-10,Public,1,,1,https://twitter.com/NYGovCuomo/status/1391784406453477383?s=20,
196413,Onondaga County,213.7870628,36067,Syracuse University,NY,0,NY,Syracuse University,2021-04-08,Private,1,,1,https://news.syr.edu/blog/2021/04/08/covid-19-vaccination/,
197911,Wilson County,227.7664975,37195,Barton College,NC,0,MA,Barton College,2021-04-23,Private,1,,0,https://www.barton.edu/vaccine/,https://www.barton.edu/vaccine/
197984,Gaston County,249.9775924,37071,Belmont Abbey College,NC,0,NC,Belmont Abbey College,2021-05-21,Private,1,,0,https://belmontabbeycollege.edu/2021/07/covid-19-update-fall-2021/,https://belmontabbeycollege.edu/2021/07/covid-19-update-fall-2021/
198215,Rowan County,249.3441761,37159,Catawba College,NC,0,NC,Catawba College,2021-08-20,Private,1,,0,https://catawba.edu/news-events/remain/information-students/,https://catawba.edu/news-events/remain/information-students/
198303,Hertford County,168.1913571,37091,Chowan University,NC,0,NC,Chowan University,2021-05-06,Private,1,,0,https://www.chowan.edu/covid-19-notifications/,https://www.chowan.edu/covid-19-notifications/
198464,Pitt County,249.4847081,37147,East Carolina University,NC,0,NC,East Carolina University,2021-07-22,Public,1,,0,https://news.ecu.edu/coronavirus-updates/vaccine/info/,https://news.ecu.edu/coronavirus-updates/vaccine/info/
198808,Avery County,221.5794729,37011,Lees-McRae College,NC,0,NC,Lees-McRae College,2021-04-23,Private,1,,1,https://www.lmc.edu/about/covid-19/index.htm,https://www.lmc.edu/about/covid-19/index.htm
198835,Catawba County,256.7449618,37035,Lenoir-Rhyne University,NC,0,NC,Lenoir-Rhyne University,2021-06-25,Private,1,,1,https://www.lr.edu/coronavirus#vaccine-requirement,
199111,Buncombe County,172.52583,37021,University of North Carolina at Asheville,NC,0,NC,University of North Carolina at Asheville,2021-04-22,Public,1,,0,https://www.dailytarheel.com/article/2021/11/opinion-unc-vaccine-mandate,https://www.dailytarheel.com/article/2021/11/opinion-unc-vaccine-mandate
199120,Orange County,152.038149,37135,University of North Carolina at Chapel Hill,NC,0,NC,University of North Carolina at Chapel Hill,2021-04-23,Public,1,,0,https://www.dailytarheel.com/article/2021/11/opinion-unc-vaccine-mandate,https://www.dailytarheel.com/article/2021/11/opinion-unc-vaccine-mandate
199148,Guilford County,187.5806022,37081,University of North Carolina at Greensboro,NC,0,NC,University of North Carolina at Greensboro,2021-07-30,Public,1,,0,https://www.dailytarheel.com/article/2021/11/opinion-unc-vaccine-mandate,https://www.dailytarheel.com/article/2021/11/opinion-unc-vaccine-mandate
199193,Wake County,225.0493522,37183,North Carolina State University at Raleigh,NC,0,NC,North Carolina State University at Raleigh,2021-08-25,Public,1,,0,https://www.ncsu.edu/coronavirus/frequently-asked-questions/,https://www.ncsu.edu/coronavirus/frequently-asked-questions/
199218,New Hanover County,185.588101,37129,University of North Carolina Wilmington,NC,0,NC,University of North Carolina Wilmington,2021-08-20,Public,1,,0,https://www.google.com/search?q=University+of+North+Carolina+Wilmington+vaccine&rlz=1C5CHFA_enUS899US900&sxsrf=ALiCzsb8IVajPYnpizG-BHLuC7u_lFPU0w%3A1651599042993&ei=wmZxYpScPKXI_Qab6a34Bg&ved=0ahUKEwiUhZPy7cP3AhUlZN8KHZt0C28Q4dUDCA8&uact=5&oq=University+of+North+Carolina+Wilmington+vaccine&gs_lcp=Cgdnd3Mtd2l6EAMyBQghEKABMgUIIRCgATIFCCEQoAE6BwgAEEcQsAM6CggAEOQCELADGAE6DwguENQCEMgDELADEEMYAjoFCC4QgAQ6BAgAEEM6BQgAEIAEOgYIABAWEB5KBAhBGABKBAhGGAFQ2wJYyQxg2g5oAXABeACAAV2IAYIFkgEBOJgBAKABAcgBD8ABAdoBBggBEAEYCdoBBggCEAEYCA&sclient=gws-wiz,https://www.google.com/search?q=University+of+North+Carolina+Wilmington+vaccine&rlz=1C5CHFA_enUS899US900&sxsrf=ALiCzsb8IVajPYnpizG-BHLuC7u_lFPU0w%3A1651599042993&ei=wmZxYpScPKXI_Qab6a34Bg&ved=0ahUKEwiUhZPy7cP3AhUlZN8KHZt0C28Q4dUDCA8&uact=5&oq=University+of+North+Carolina+Wilmington+vaccine&gs_lcp=Cgdnd3Mtd2l6EAMyBQghEKABMgUIIRCgATIFCCEQoAE6BwgAEEcQsAM6CggAEOQCELADGAE6DwguENQCEMgDELADEEMYAjoFCC4QgAQ6BAgAEEM6BQgAEIAEOgYIABAWEB5KBAhBGABKBAhGGAFQ2wJYyQxg2g5oAXABeACAAV2IAYIFkgEBOJgBAKABAcgBD8ABAdoBBggBEAEYCdoBBggCEAEYCA&sclient=gws-wiz
199306,Stanly County,265.6550283,37167,Pfeiffer University,NC,0,NC,Pfeiffer University,2021-04-30,Private,1,,0,https://www.thesnaponline.com/2021/07/29/pfeiffer-strongly-encourages-but-will-not-require-students-staff-to-get-vaccinated/,https://www.thesnaponline.com/2021/07/29/pfeiffer-strongly-encourages-but-will-not-require-students-staff-to-get-vaccinated/
200004,Jackson County,182.8287131,37099,Western Carolina University,NC,0,NC,Western Carolina University,2021-05-10,Public,1,,0,https://www.wcu.edu/experience/health-and-wellness/health-services/public-health-information.aspx,https://www.wcu.edu/experience/health-and-wellness/health-services/public-health-information.aspx
200156,Stutsman County,288.4191133,38093,University of Jamestown,ND,0,ND,University of Jamestown,2021-06-18,Private,1,,1,https://www.sunyjcc.edu/about/coronavirus,https://www.sunyjcc.edu/about/coronavirus
200484,Dickey County,236.0174089,38021,Trinity Bible College and Graduate School,ND,0,ND,Trinity Bible College and Graduate School,2021-08-20,Private,1,,0,https://www.trnty.edu/healthandsafety/,https://www.trnty.edu/healthandsafety/
201441,Wood County,207.15775,39173,Bowling Green State University-Main Campus,OH,0,OH,Bowling Green State University-Main Campus,2021-04-28,Public,1,,1,"https://www.bgsu.edu/covid19/vaccine.html#:~:text=In%20preparation%20for%20spring%20semester,during%20the%20spring%202022%20semester.","https://www.bgsu.edu/covid19/vaccine.html#:~:text=In%20preparation%20for%20spring%20semester,during%20the%20spring%202022%20semester."
204501,Lorain County,185.0400862,39093,Oberlin College,OH,0,OH,Oberlin College,2021-04-21,Private,1,,1,https://www.oberlin.edu/obiesafe,https://www.oberlin.edu/obiesafe
204635,Hardin County,190.2241022,39065,Ohio Northern University,OH,0,OH,Ohio Northern University,2021-08-24,Private,1,,0,https://www.onu.edu/sites/default/files/onu-safetyplan-2021-22-8.pdf,https://www.onu.edu/sites/default/files/onu-safetyplan-2021-22-8.pdf
206604,Greene County,191.2254261,39057,Wright State University-Main Campus,OH,0,OH,Wright State University-Main Campus,2021-08-27,Public,1,,0,https://www.wright.edu/coronavirus/vaccination-giveaway-rules-and-entry-form,https://www.wright.edu/coronavirus/vaccination-giveaway-rules-and-entry-form
206695,Mahoning County,201.1518017,39099,Youngstown State University,OH,0,OH,Youngstown State University,2021-08-24,Public,1,,0,https://ysu.edu/coronavirus-information,https://ysu.edu/coronavirus-information
206817,Muskogee County,252.1952672,40101,Bacone College,OK,0,OK,Bacone College,2021-05-05,Private,1,,0,https://www.bacone.edu/wp-content/uploads/2021/08/Bacone-College-COVID-policy_0262021-update_FINAL.pdf,https://www.bacone.edu/wp-content/uploads/2021/08/Bacone-College-COVID-policy_0262021-update_FINAL.pdf
207388,Payne County,191.8531281,40119,Oklahoma State University-Main Campus,OK,0,OK,Oklahoma State University-Main Campus,2021-04-22,Public,1,,1,https://go.okstate.edu/coronavirus/latest-announcements/vaccine-update-12-8-2021.html,https://go.okstate.edu/coronavirus/latest-announcements/vaccine-update-12-8-2021.html
207403,Pottawatomie County,243.870952,40125,Oklahoma Baptist University,OK,0,OK,Oklahoma Baptist University,2021-04-22,Private,1,,0,https://www.okbu.edu/safety-resources/faqs.html,https://www.okbu.edu/safety-resources/faqs.html
207500,Cleveland County,240.1936256,40027,University of Oklahoma-Norman Campus,OK,0,OK,University of Oklahoma-Norman Campus,2021-04-23,Public,1,,0,https://www.ou.edu/healthservices/COVID-19/COVID-Vaccines,https://www.ou.edu/healthservices/COVID-19/COVID-Vaccines
207661,Rogers County,236.4075234,40131,Rogers State University,OK,0,OK,Rogers State University,2021-04-23,Public,1,,0,https://www.rsu.edu/resources/coronavirus/,https://www.rsu.edu/resources/coronavirus/
207971,Tulsa County,225.541617,40143,University of Tulsa,OK,0,OK,University of Tulsa,2021-09-01,Private,1,,0,https://utulsa.edu/health-center/immunization-information/,https://utulsa.edu/health-center/immunization-information/
208646,Union County,157.3839692,41061,Eastern Oregon University,OR,0,OR,Eastern Oregon University,2021-06-03,Public,1,,1,https://www.eou.edu/news-press/eou-will-require-covid-19-vaccinations-for-fall-2021/,
209506,Klamath County,177.5371367,41035,Oregon Institute of Technology,OR,0,OR,Oregon Institute of Technology,2021-06-02,Public,1,,1,https://www.oit.edu/coronavirus,
209551,Lane County,129.3598534,41039,University of Oregon,OR,0,OR,University of Oregon,2021-05-10,Public,1,,1,https://around.uoregon.edu/content/uo-require-covid-19-vaccinations-students-employees,
210429,Polk County,152.4541367,41053,Western Oregon University,OR,0,OR,Western Oregon University,2021-05-10,Public,1,,1,https://www.opb.org/article/2021/05/10/oregon-universities-covid-19-vaccine-plan/,
210669,Crawford County,200.742883,42039,Allegheny College,PA,0,PA,Allegheny College,2021-05-18,Private,1,,1,https://sites.allegheny.edu/covid19/2021/05/18/covid-19-vaccine-to-be-required-for-allegheny-students/,
210739,Lehigh County,208.8448855,42077,DeSales University,PA,0,PA,DeSales University,2021-06-17,Private,1,,0,https://www.desales.edu/inside-desales/emergency-updates/covid-19-vaccine-resources,https://www.desales.edu/inside-desales/emergency-updates/covid-19-vaccine-resources
211088,Montgomery County,158.3791663,42091,Arcadia University,PA,0,PA,Arcadia University,2021-08-17,Private,1,,1,https://www.arcadia.edu/announcements/2021/08/17/aug-17-2021-presidential-message-covid-vaccine-requirement-update,
211291,Union County,222.1452919,42119,Bucknell University,PA,0,PA,Bucknell University,2021-05-13,Private,1,,1,https://www.bucknell.edu/life-bucknell/fall-reopening/students-families/messages-event-recordings,
212674,Adams County,207.0757377,42001,Gettysburg College,PA,0,PA,Gettysburg College,2021-05-20,Private,1,,1,https://www.gettysburg.edu/opening/messages/20210520-student-vaccinations,
213251,Huntingdon County,217.956053,42061,Juniata College,PA,0,PA,Juniata College,2021-08-26,Private,1,,0,https://www.juniata.edu/coronavirus/Spring%20Mask%20Policy%20FAQ.php,https://www.juniata.edu/coronavirus/Spring%20Mask%20Policy%20FAQ.php
213303,Wyoming County,159.2426933,42131,Keystone College,PA,0,PA,Keystone College,2021-04-23,Private,1,,0,https://www.keystone.edu/covid/,https://www.keystone.edu/covid/
215266,McKean County,171.7893165,42083,University of Pittsburgh-Bradford,PA,0,PA,University of Pittsburgh-Bradford,2021-06-04,Public,1,,1,"https://www.upb.pitt.edu/operating-safely/qa#:~:text=Is%20the%20university%20requiring%20vaccinations,to%20remain%20a%20community%20member.","https://www.upb.pitt.edu/operating-safely/qa#:~:text=Is%20the%20university%20requiring%20vaccinations,to%20remain%20a%20community%20member."
215947,Westmoreland County,196.91183,42129,Seton Hill University,PA,0,PA,Seton Hill University,2021-06-21,Private,1,,1,https://www.setonhill.edu/student-life/counseling-disability-health-services/coronavirus-updates/,
216038,Butler County,203.8212057,42019,Slippery Rock University of Pennsylvania,PA,0,PA,Slippery Rock University of Pennsylvania,2021-04-22,Public,1,,0,https://www.sru.edu/news/100521a,
216597,Delaware County,167.4481564,42045,Villanova University,PA,0,PA,Villanova University,2021-06-03,Private,1,,1,https://www1.villanova.edu/university/return-to-campus/vaccine-information/vaccine-faqs.html,
217156,Providence County,298.1854852,44007,Brown University,RI,0,RI,Brown University,2021-04-06,Private,1,,1,https://www.providencejournal.com/story/news/2021/04/06/brown-begin-requiring-vaccines-students-come-fall/7107713002/,
217536,Newport County,209.4910419,44005,Salve Regina University,RI,0,RI,Salve Regina University,2021-06-08,Private,1,,1,https://salve.edu/june-8-salve-regina-community-vaccination-status-and-returning-salve-regina,
217907,Darlington County,243.5990086,45031,Coker University,SC,0,SC,Coker University,2021-08-26,Private,1,,0,https://www.illinois.gov/government/executive-orders/executive-order.executive-order-number-20.2021.html,
218229,Greenwood County,273.6243867,45047,Lander University,SC,0,NJ,Rider University,2021-04-29,Private,1,,1,https://www.rider.edu/about/news/rider-will-require-covid-19-vaccination-students,
218414,Newberry County,295.6882525,45071,Newberry College,SC,0,MA,Curry College,2021-05-06,Private,1,,1,https://www.curry.edu/about-us/community-resources/employment/return-to-campus-communications,
218654,Beaufort County,192.939181,45013,University of South Carolina Beaufort,SC,0,CA,University of Southern California,2021-04-26,Private,1,,1,https://policy.usc.edu/covid-19-vaccination-program/,
218663,Richland County,253.418048,45079,University of South Carolina-Columbia,SC,0,CA,University of Southern California,2021-04-26,Private,1,,1,https://policy.usc.edu/covid-19-vaccination-program/,
218724,Horry County,234.4798904,45051,Coastal Carolina University,SC,0,SC,Coastal Carolina University,2021-07-22,Public,1,,0,https://www.coastal.edu/services/safety_and_security/covid-19/coastalcomeback/fall2021covid-19operations/freecovid-19vaccinations/,https://www.coastal.edu/services/safety_and_security/covid-19/coastalcomeback/fall2021covid-19operations/freecovid-19vaccinations/
218733,Orangeburg County,232.4917278,45075,South Carolina State University,SC,0,SC,South Carolina State University,2021-08-24,Public,1,,0,https://scsu.edu/shoot-your-shot-sc-state-university-offers-vaccination-incentive-program/,https://scsu.edu/shoot-your-shot-sc-state-university-offers-vaccination-incentive-program/
219000,Minnehaha County,254.4820431,46099,Augustana University,SD,0,SD,Augustana University,2021-07-21,Private,1,,1,https://www.augustana.edu/augustana-strong/policies,https://www.augustana.edu/augustana-strong/policies
219198,Yankton County,218.6454569,46135,Mount Marty University,SD,0,SD,Mount Marty University,2021-06-29,Private,1,,0,https://www.pointpark.edu/studentlife/healthandstudentservices/studenthealthcenter/returntocampus/index,
219277,Oglala Lakota County,227.1770899,46102,Oglala Lakota College,SD,0,SD,Oglala Lakota College,2021-08-03,Public,1,,1,https://losrios.edu/campus-life/news/los-rios-to-implement-covid-19-vaccine-requirement,
219374,Todd County,239.7103103,46121,Sinte Gleska University,SD,0,SD,Sinte Gleska University,2021-04-27,Public,1,,1,https://www.sintegleska.edu/news/sgu-covid-19-updates-and-reminders,https://www.sintegleska.edu/news/sgu-covid-19-updates-and-reminders
219718,Carroll County,274.8770985,47017,Bethel University,TN,0,TN,Bethel University,2021-05-17,Private,1,,0,https://www.bethel.edu/covid-19/community-information/vaccine,https://www.bethel.edu/covid-19/community-information/vaccine
219806,Jefferson County,247.4692697,47089,Carson-Newman University,TN,0,TN,Carson-Newman University,2021-07-22,Private,1,,0,https://www.cn.edu/system/news/view/1520/carson-newman-anticipates-in-person-classes-increased-activities-during-fall,https://www.cn.edu/system/news/view/1520/carson-newman-anticipates-in-person-classes-increased-activities-during-fall
219949,Wilson County,248.0302291,47189,Cumberland University,TN,0,TN,Cumberland University,2021-04-14,Private,1,,0,https://www.american.edu/media/pr/20210524_vaccine_community_update.cfm,
220631,Claiborne County,243.4229766,47025,Lincoln Memorial University,TN,0,TN,Lincoln Memorial University,2021-08-26,Private,1,,0,https://www.lmunet.edu/covid/,https://www.lmunet.edu/covid/
220701,Giles County,272.8135234,47055,Martin Methodist College,TN,0,TN,Martin Methodist College,2021-08-26,Public,1,,1,https://www.methodist.edu/forward/vaccination-requirement/,https://www.methodist.edu/forward/vaccination-requirement/
220862,Shelby County,216.5315259,47157,University of Memphis,TN,0,TN,University of Memphis,2021-06-01,Public,1,,0,https://www.memphis.edu/coronavirusupdates/,https://www.memphis.edu/coronavirusupdates/
220978,Rutherford County,248.1129384,47149,Middle Tennessee State University,TN,0,TN,Middle Tennessee State University,2021-08-23,Public,1,,0,https://www.klfy.com/health/coronavirus/university-of-louisiana-system-will-require-student-covid-19-vaccinations/,
221731,McMinn County,266.2707451,47107,Tennessee Wesleyan University,TN,0,TN,Tennessee Wesleyan University,2021-08-26,Private,1,,0,https://www.tnwesleyan.edu/about/covid19-response.php,https://www.tnwesleyan.edu/about/covid19-response.php
221953,Greene County,274.4916946,47059,Tusculum University,TN,0,TN,Tusculum University,2021-07-21,Private,1,,0,https://www3.tusculum.edu/news/tusc-family/2021/coronavirus-vaccinations-and-updated-face-covering-policy/,https://www3.tusculum.edu/news/tusc-family/2021/coronavirus-vaccinations-and-updated-face-covering-policy/
221999,Davidson County,237.6884803,47037,Vanderbilt University,TN,0,TN,Vanderbilt University,2021-05-17,Private,1,,1,https://www.vanderbilt.edu/coronavirus/,
225885,Wood County,149.8823645,48499,Jarvis Christian College,TX,0,TX,Jarvis Christian College,2021-08-26,Private,1,,0,https://www.jarvis.edu/incentives/,https://www.jarvis.edu/incentives/
226091,Jefferson County,160.6514704,48245,Lamar University,TX,0,TX,Lamar University,2021-08-26,Public,1,,0,https://www.lamar.edu/students/student-engagement/student-health-center/coronavirus.html,https://www.lamar.edu/students/student-engagement/student-health-center/coronavirus.html
226471,Bell County,158.8826268,48027,University of Mary Hardin-Baylor,TX,0,TX,University of Mary Hardin-Baylor,2021-05-26,Private ,1,,0,https://www.baylor.edu/coronavirus/index.php?id=977405,https://www.baylor.edu/coronavirus/index.php?id=977405
227881,Walker County,217.2568239,48471,Sam Houston State University,TX,0,TX,Sam Houston State University,2021-04-22,Public,1,,0,https://www2.calstate.edu/csu-system/news/Pages/CSU-COVID-Vax-Requirement-FDA-Approval.aspx,
228325,Ellis County,227.3860308,48139,Southwestern Assemblies of God University,TX,0,TX,Southwestern Assemblies of God University,2021-08-23,Private,1,,0,https://www.sagu.edu/financial-aid/vaccination-policies/,https://www.sagu.edu/financial-aid/vaccination-policies/
228459,Hays County,224.9652451,48209,Texas State University,TX,0,TX,Texas State University,2021-08-27,Public,1,,0,https://www.txstate.edu/coronavirus/road-map/health-and-safety-measures.html,
228468,Johnson County,211.8757204,48251,Southwestern Adventist University,TX,0,TX,Southwestern Adventist University,2021-05-25,Private,1,,0,https://www.swau.edu/virusinfo29,
228529,Erath County,173.6447894,48143,Tarleton State University,TX,0,TX,Tarleton State University,2021-05-04,Public,1,,0,https://web.tarleton.edu/roadmap/,https://web.tarleton.edu/roadmap/
228653,Galveston County,240.9187562,48167,The University of Texas Medical Branch at Galveston,TX,0,TX,The University of Texas Medical Branch at Galveston,2021-08-02,Public,1,,1,https://www.healthyhorns.utexas.edu/requiredvaccine/index.html,
229018,Ector County,193.9942204,48135,The University of Texas Permian Basin,TX,0,TX,The University of Texas Permian Basin,2021-08-26,Public,1,,0,https://new.sewanee.edu/2019-novel-coronavirus-covid-19/vaccination-requirement-aug-26/,
229027,Bexar County,239.6673227,48029,The University of Texas at San Antonio,TX,0,TX,The University of Texas at San Antonio,2021-08-04,Public,1,,0,https://www.utsa.edu/roadmap/covid-19-vaccines/,https://www.utsa.edu/roadmap/covid-19-vaccines/
229780,Hale County,167.4428571,48189,Wayland Baptist University,TX,0,TX,Wayland Baptist University,2021-08-20,Private,1,,0,https://www.governor.wa.gov/sites/default/files/proclamations/proc_20-12.5.pdf,
230737,Utah County,273.1187722,49049,Utah Valley University,UT,0,UT,Utah Valley University,2021-06-17,Public,1,,1,https://www.uvu.edu/covidinfo/vaccination/index.html,https://www.uvu.edu/covidinfo/vaccination/index.html
230913,Lamoille County,128.0279335,50015,Northern Vermont University,VT,0,VT,Northern Vermont University,2021-04-06,Public,1,,1,https://www.northernvermont.edu/nvu-during-covid-19-indoor-mask-mandate/,https://www.northernvermont.edu/nvu-during-covid-19-indoor-mask-mandate/
231165,Orange County,142.3809212,50017,Vermont Technical College,VT,0,VT,Vermont Technical College,2021-08-20,Public,1,,0,https://www.vtc.edu/covid-19-updated-protocols/,https://www.vtc.edu/covid-19-updated-protocols/
231420,Danville City,235.6090419,51590,Averett University,VA,0,VA,Averett University,2021-05-10,Private,1,,1,https://www.averett.edu/student-life/campus-security/livesafe/,https://www.averett.edu/student-life/campus-security/livesafe/
231581,Rockingham County,151.6716195,51165,Bridgewater College,VA,0,VA,Bridgewater College,2021-05-07,Private,1,,1,https://www.bridgewater.edu/covid-19-and-cares-act/,
231624,Williamsburg City,90.41684236,51830,William & Mary,VA,0,VA,William & Mary,2021-05-18,Public,1,,1,https://www.wm.edu/sites/pathforward/health/vaccinations/index.php,
232025,Washington County,219.0738818,51191,Emory & Henry College,VA,0,VA,Emory & Henry College,2021-04-28,Private,1,2020-27-09,1,https://www.ehc.edu/covid19/students/,https://web.archive.org/web/20200924141701/https://www.ehc.edu/covid19/faqs/
232265,Hampton City,176.8744261,51650,Hampton University,VA,0,VA,Hampton University,2021-04-08,Private,1,,1,http://docs.hamptonu.edu/student/20210414123904-13399-new_student_revised_letter.pdf_20210416112456.pdf,
232308,Roanoke County,192.5272845,51161,Hollins University,VA,0,VA,Hollins University,2021-05-03,Private,1,,1,https://hollins.edu/news/hollins-anticipates-the-beginning-of-a-return-to-normal-in-fall-2021/,
232982,Norfolk City,149.7495037,51710,Old Dominion University,VA,0,VA,Old Dominion University,2021-06-08,Public,1,,1,https://www.odu.edu/emergency/news/2020/2/novel_coronavirus_co/update-35,
233277,Radford City,228.4220099,51750,Radford University,VA,0,VA,Radford University,2021-06-15,Public,1,,1,https://www.radford.edu/content/radfordcore/home/reopening/fall2021-operational-plan.html,
233356,Henrico County,168.2945764,51087,Bon Secours Memorial College of Nursing,VA,0,VA,Bon Secours Memorial College of Nursing,2021-08-26,Private,1,,0,https://www.bsmcon.edu/index.php/covid-19-vaccine,https://www.bsmcon.edu/index.php/covid-19-vaccine
233541,Winchester City,190.5669655,51840,Shenandoah University,VA,0,VA,Shenandoah University,2021-04-22,Private,1,2020-03-08,0,https://www.su.edu/conservatory/covid-19/,https://web.archive.org/web/20200803210923/https://www.su.edu/conservatory/covid-19/
233684,Arlington County,152.6936946,51013,Strayer University-Virginia,VA,0,VA,Strayer University-Virginia,2021-05-20,Private,1,,0,https://www.strayer.edu/campus-locations/virginia/arlington,https://www.strayer.edu/campus-locations/virginia/arlington
233897,Wise County,234.9168067,51195,The University of Virginia's College at Wise,VA,0,VA,The University of Virginia's College at Wise,2021-04-23,Public,1,,0,"https://www.uvawise.edu/covid-19/covid-19-frequently-asked-questions#:~:text=Are%20face%20coverings%20required%20on,be%20required%20in%20those%20spaces.","https://www.uvawise.edu/covid-19/covid-19-frequently-asked-questions#:~:text=Are%20face%20coverings%20required%20on,be%20required%20in%20those%20spaces."
233921,Montgomery County,162.6613214,51121,Virginia Polytechnic Institute and State University,VA,0,VA,Virginia Polytechnic Institute and State University,2021-06-08,Public,1,,1,https://vtx.vt.edu/articles/2021/06/president-message-060821.html,
234076,Albemarle County,135.8678633,51003,University of Virginia-Main Campus,VA,0,VA,University of Virginia-Main Campus,2021-08-02,Public,1,2021-20-09,0,"https://uvapolicy.virginia.edu/policy/SEC-045#:~:text=Face%20Masks%3A%20Wearing%20masks%20is,where%20patient%20care%20is%20provided.","https://uvapolicy.virginia.edu/policy/SEC-045#:~:text=Face%20Masks%3A%20Wearing%20masks%20is,where%20patient%20care%20is%20provided."
234207,Lexington City,313.4555406,51678,Washington and Lee University,VA,0,VA,Washington and Lee University,2021-05-21,Private,1,,1,https://my.wlu.edu/covid-19-resources/community-updates/new-guidance-for-vaccinated-individuals-and-vaccination-requirement-for-fall--students-faculty-and-staff-5-21,
234827,Kittitas County,149.982452,53037,Central Washington University,WA,0,WA,Central Washington University,2021-05-06,Public,1,,1,http://www.cwu.edu/message-president-james-gaudino?fbclid=IwAR2F8DQ1D75NBrCsxgkq5OgJJGkwXWBkghX1eIIK4tZ5jSWDWNISlHBTgqU,
235097,Spokane County,204.416117,53063,Eastern Washington University,WA,0,WA,Eastern Washington University,2021-06-03,Public,1,,1,https://inside.ewu.edu/news/featured/ewu-adds-vaccination-requirement/,
235167,Thurston County,138.9329495,53067,The Evergreen State College,WA,0,WA,Evergreen State College,2021-05-06,Public,1,,1,https://www.evergreen.edu/news/post/2021/fall-2021-evergreen-requires-covid-19-vaccine,
236896,Walla Walla County,214.4065172,53071,Walla Walla University,WA,0,WA,Walla Walla University,2021-08-20,Private,1,,0,https://www.governor.wa.gov/sites/default/files/proclamations/proc_20-12.5.pdf,
237118,Barbour County,246.1031823,54001,Alderson Broaddus University,WV,0,WV,Alderson Broaddus University,2021-05-24,Private,1,2020-26-05,0,"https://ab.edu/coronavirus/#:~:text=Members%20of%20the%20campus%20community,a%20mask%20or%20face%20covering.",
237330,Mercer County,248.6381995,54055,Concord University,WV,0,WV,Concord University,2021-05-17,Public,1,2020-17-07,0,https://www.concord.edu/about/return-to-campus-plan.aspx,https://web.archive.org/web/20200717050746/https://www.concord.edu/about/return-to-campus-plan.aspx
237686,Wood County,228.1550172,54107,West Virginia University at Parkersburg,WV,0,WV,West Virginia University at Parkersburg,2021-08-27,Public,1,2021-06-08,0,https://www.wvup.edu/coronavirus/#1642542833317-1b7a786d-4e3e,https://www.wvup.edu/coronavirus/#1642542833317-1b7a786d-4e3e
237783,Harrison County,253.567564,54033,Salem University,WV,0,WV,Salem University,2021-06-17,Private,1,2021-04-08,1,https://web.archive.org/web/20210612015120/https://www.salem.edu/readystrong/healthsafety/covid-19-vaccine,https://www.salem.edu/readystrong/healthsafety/face-coverings-physical-distancing-healthy-hygiene
237899,Kanawha County,227.9283522,54039,West Virginia State University,WV,0,WV,West Virginia State University,2021-08-06,Public,1,2020-30-09,0,https://www.vsu.edu/news/2021/vaccination-requirement.php,
237932,Ohio County,227.9385419,54069,West Liberty University,WV,0,WV,West Liberty University,2021-07-22,Public,1,2020-11-09,0,https://westliberty.edu/coronavirus/,https://westliberty.edu/conduct/covid19/
238032,Monongalia County,200.527197,54061,West Virginia University,WV,0,WV,West Virginia University,2021-05-24,Public,1,2020-07-24,0,https://www.wvu.edu/return-to-campus,https://web.archive.org/web/20200724091959/https://www.wvu.edu/return-to-campus/what-you-need-to-know/student-life-2
238616,Ozaukee County,214.0503214,55089,Concordia University-Wisconsin,WI,0,WI,Concordia University-Wisconsin,2021-08-26,Private,1,2020-06-08,0,https://www.cuw.edu/landingpages/uncommon-return/index.html,https://web.archive.org/web/20200806183835/https://www.cuw.edu/landingpages/uncommon-return/index.html
239071,Jefferson County,217.6125468,55055,Maranatha Baptist University,WI,0,WI,Maranatha Baptist University,2021-04-28,Private,1,,0,https://maranathabaptistacademy.org/about/health-and-wellness/,https://maranathabaptistacademy.org/about/health-and-wellness/
240189,Walworth County,221.4408276,55127,University of Wisconsin-Whitewater,WI,0,WI,University of Wisconsin-Whitewater,2021-08-06,Public,1,2020-09-01,0,https://web.archive.org/web/20210806144356/https://uww.edu/warhawks-are-back/testing,https://web.archive.org/web/20210806144356/https://uww.edu/warhawks-are-back/testing
240417,Dunn County,250.8604224,55033,University of Wisconsin-Stout,WI,0,WI,University of Wisconsin-Stout,2021-03-19,Public,1,2020-08-07,0,https://web.archive.org/web/20210330120405/https://www.uwstout.edu/covid-19-coronavirus-planning-and-preparedness,https://web.archive.org/web/20210330120405/https://www.uwstout.edu/covid-19-coronavirus-planning-and-preparedness
240471,Pierce County,230.9523793,55093,University of Wisconsin-River Falls,WI,0,WI,University of Wisconsin-River Falls,2021-02-15,Public,1,2020-28-08,0,https://web.archive.org/web/20220302052657/https://www.uwrf.edu/Falcons-Forward/LatestUpdates.cfm,https://web.archive.org/web/20220302052657/https://www.uwrf.edu/Falcons-Forward/LatestUpdates.cfm
240727,Albany County,217.6457512,56001,University of Wyoming,WY,0,WY,University of Wyoming ,2021-02-03,Public,1,2020-25-09,0,https://web.archive.org/web/20210316203332/https://www.uwyo.edu/alerts/campus-return/covid-news.html,https://web.archive.org/web/20210316203332/https://www.uwyo.edu/alerts/campus-return/covid-news.html
241304,Caguas Municipio,139.5937057,72025,Columbia Central University-Caguas,PR,1,NY,Columbia University,2021-04-19,Private,1,,1,https://covid19.columbia.edu/news/fall-2021-vaccine-policy-update,
241410,Ponce Municipio,110.1595788,72113,Pontifical Catholic University of Puerto Rico-Ponce,PR,1,IL,National University of Health Sciences,2021-08-26,Private,1,,1,https://www.illinois.gov/government/executive-orders/executive-order.executive-order-number-20.2021.html,
241614,Trujillo Alto Municipio,122.7077365,72139,Universidad Teologica del Caribe,PR,1,DE,University of Delaware,2021-05-05,Public,1,,1,https://www.udel.edu/udaily/2021/may/covid-19-coronavirus-vaccination-requirement-students/,
242617,San Germn Municipio,88.350383,72125,Inter American University of Puerto Rico-San German,PR,1,CA,Dominican University of California,2021-04-29,Private,1,,1,https://www.dominican.edu/fall-2021-campus-health-and-safety,
243188,Utuado Municipio,94.38636453,72141,University of Puerto Rico-Utuado,PR,1,WA,University of Puget Sound,2021-05-07,Private,1,,1,https://www.pugetsound.edu/about/office-of-the-president/messages-to-campus/student-vaccination-requirement-effective-fall-2021-5-7-21/,
243197,Mayagez Municipio,108.9245874,72097,University of Puerto Rico-Mayaguez,PR,1,PR,University of Puerto Rico-Mayaguez,2021-05-07,Private,1,,1,https://www.pugetsound.edu/about/office-of-the-president/messages-to-campus/student-vaccination-requirement-effective-fall-2021-5-7-21/,
260813,Arapahoe County,197.1377352,8005,Platt College-Aurora,CO,0,CO,Platt College-Aurora,2021-07-06,Private,1,2021-27-12,1,https://plattcollege.edu/wp-content/uploads/2021/07/Platt_-Return-to-Campus-Letter-Students_final-1-1.pdf,https://www.plattcolorado.edu/covid-19-resources
433536,Jefferson Parish,216.0996305,22051,Herzing University-New Orleans,LA,0,LA,Herzing University-New Orleans,NA,Private,1,2020-08-15,0,https://www.herzing.edu/coronavirus#safe-campus,https://web.archive.org/web/20200814120241/https://www.herzing.edu/coronavirus
433660,Lee County,214.283803,12071,Florida Gulf Coast University,FL,0,FL,Florida Gulf Coast University,NA,Public,1,2020-08-15,1,https://www.fgcu.edu/coronaupdate/coronafaq,https://web.archive.org/web/20200818002301/https://www.fgcu.edu/coronaupdate/
438498,Alexandria City,164.6055603,51510,Stratford University,VA,0,VA,Stratford University,NA,Private,1,2020-06-29,0,https://news.stanford.edu/today/2021/04/22/student-vaccination-fall/,
441937,Ventura County,186.0384667,6111,California State University-Channel Islands,CA,0,CA,California State University-Channel Islands,2021-04-22,Public,1,,1,https://www2.calstate.edu/csu-system/news/Pages/CSU-COVID-Vax-Requirement-FDA-Approval.aspx,
443784,Bucks County,169.12225,42017,Strayer University-Pennsylvania,PA,,PA,Strayer University-Pennsylvania,NA,Private,0,NA,0,https://www.strayer.edu/coronavirus,
446048,Collier County,190.5769397,12021,Ave Maria University,FL,0,FL,Ave Maria University ,NA,Private,1,2020-09-28,0,https://www.avemaria.edu/amu-health-safety-plan/,https://www.avemaria.edu/fall-2021-covid-19-update/
451820,Bastrop County,210.9501675,48021,The Art Institute of Austin,TX,,TX,The Art Institute of Austin,2021-08-23,Private,,,1,https://www.nyit.edu/about/vaccination,
474906,Bonneville County,222.8399704,16019,Stevens-Henager College,ID,,ID,Green River College,2021-08-20,Public,,,0,https://www.governor.wa.gov/sites/default/files/proclamations/proc_20-12.5.pdf,
482680,Lumpkin County,180.951298,13187,University of North Georgia,GA,0,GA,University of North Georgia,NA,Public,1,2020-07-15,0,https://web.archive.org/web/20200831093255/https://ung.edu/together/campus-guidelines/what-you-can-expect-in-the-classroom.php,
485111,Baldwin County,181.637186,13009,Georgia Military College,GA,0,GA,Georgia Military College,NA,Public,1,2021-04-21,0,https://www.gmc.edu/coronavirus-information/,https://www.gmc.edu/coronavirus-information/
490753,Knox County,127.323681,23013,Maine Media College,ME,0,ME,Maine Media College,2021-09-15,Private,1,2021-04-14,1,https://www.mainemedia.edu/college/about-the-college/,
492476,Villalba Municipio,107.1103165,72149,EDP University of Puerto Rico-Villalba,PR,0,PR,EDP University of Puerto Rico-Villalba,2021-08-02,Private,1,2021-07-23,1,https://www.theweeklyjournal.com/online_features/puerto-rico-all-eligible-students-must-be-vaccinated-against-covid/article_0bda2e72-ebe6-11eb-9c1a-034db3d9ffd1.html,