ipsedID,school,county,fipsCode,state,avgCasePerCapita,vaxPolicySchoolnameCHECK,announceDateCHECK,typeCHECK,stateCHECK,allStudentsCHECK,urlCHECK
100830,Auburn University at Montgomery,Montgomery County,1101,AL,208.405206896552,Indiana University at Kokomo,2021-05-21,Public,IN,1,https://www.iu.edu/covid/prevention/covid-19-vaccine.html
100858,Auburn University,Lee County,1081,AL,197.205859605911,Augsburg University,2021-07-21,Private,MN,1,https://drive.google.com/file/d/1BTALtRZBsDhowtUh3FEprNCxn84AyBJZ/view
101541,Judson College,Perry County,1105,AL,184.584206896552,Albion College,2021-05-19,Private,MI,1,https://www.albion.edu/albion-college-to-require-a-covid-19-vaccination-before-returning-to-campus-for-the-fall-2021-semester/
102377,Tuskegee University,Macon County,1087,AL,177.319986453202,Duke University,2021-04-09,Private,NC,1,https://today.duke.edu/2021/04/student-vaccination-requirements-fall-semester
102553,University of Alaska Anchorage,Anchorage Municipality,2020,AK,308.721604679803,University of Baltimore,2021-04-23,Public,MD,1,https://www.usmd.edu/newsroom/news/2154
104179,University of Arizona,Pima County,4019,AZ,208.624730295567,University of Oregon,2021-05-10,Public,OR,1,https://around.uoregon.edu/content/uo-require-covid-19-vaccinations-students-employees
106245,University of Arkansas at Little Rock,Pulaski County,5119,AR,226.615375615764,University of Hawaii at Hilo,2021-05-17,Public,HI,1,https://www.hawaii.edu/news/2021/05/17/uh-to-require-covid-19-vaccination/
106397,University of Arkansas,Washington County,5143,AR,246.204488916256,University of Redlands,2021-06-15,Private,CA,1,https://www.redlands.edu/globalassets/ucomm/01-covid-19/employees/docs/ur-covid-vaccination-policy-2021-employees-final.pdf
107558,University of the Ozarks,Johnson County,5071,AR,216.830890394089,University of the West,2021-07-22,Private,CA,1,https://www.uwest.edu/coronavirus-information-for-the-uwest-community/
110422,California Polytechnic State University-San Luis Obispo,San Luis Obispo County,6079,CA,171.64454679803,California Polytechnic State University at San Luis Obispo,2021-04-22,Public,CA,1,https://www2.calstate.edu/csu-system/news/Pages/CSU-COVID-Vax-Requirement-FDA-Approval.aspx
110495,California State University-Stanislaus,Stanislaus County,6099,CA,210.801890394089,California State University-Stanislaus,2021-04-22,Public,CA,1,https://www2.calstate.edu/csu-system/news/Pages/CSU-COVID-Vax-Requirement-FDA-Approval.aspx
110510,California State University-San Bernardino,San Bernardino County,6071,CA,232.108620689655,California State University at San Bernardino,2021-04-22,Public,CA,1,https://www2.calstate.edu/csu-system/news/Pages/CSU-COVID-Vax-Requirement-FDA-Approval.aspx
110556,California State University-Fresno,Fresno County,6019,CA,218.967793103448,California State University at Fresno,2021-04-22,Public,CA,1,https://www2.calstate.edu/csu-system/news/Pages/CSU-COVID-Vax-Requirement-FDA-Approval.aspx
110671,University of California-Riverside,Riverside County,6065,CA,216.089667487685,University of California at Riverside,2021-04-22,Public,CA,1,https://www.universityofcalifornia.edu/press-room/uc-encourages-covid-19-vaccinations-university-communities-while-reviewing-policy
115755,Humboldt State University,Humboldt County,6023,CA,126.273357142857,Humboldt State University,2021-04-22,Public,CA,1,https://www2.calstate.edu/csu-system/news/Pages/CSU-COVID-Vax-Requirement-FDA-Approval.aspx
126562,University of Colorado Denver/Anschutz Medical Campus,Adams County,8001,CO,219.0341908867,University of Colorado-Anschutz Medical Campus,2021-04-28,Public,CO,1,https://president.cu.edu/statements/cu-requires-vaccine-fall-semester-2021
126614,University of Colorado Boulder,Boulder County,8013,CO,167.056328817734,University of Colorado at Boulder,2021-04-28,Public,CO,1,https://president.cu.edu/statements/cu-requires-vaccine-fall-semester-2021
127741,University of Northern Colorado,Weld County,8123,CO,220.132631773399,University of Northern Colorado,2021-04-28,Public,CO,1,https://www.unco.edu/fall-2021/covid-19-vaccines.aspx
128771,Central Connecticut State University,Hartford County,9003,CT,171.72093226601,Central Connecticut State University,2021-06-25,Public,CT,1,https://www.ct.edu/covid19#faqs
128902,Connecticut College,New London County,9011,CT,178.698352216749,Connecticut College,2021-05-12,Private,CT,1,https://www.conncoll.edu/campus-life/student-health-services/coronavirus/coronavirus-communications/students/student-vaccination-requirement-may-12-2021/
130697,Wesleyan University,Middlesex County,9007,CT,149.377516009852,Wesleyan University,2021-04-13,Private,CT,1,http://coronavirus.blogs.wesleyan.edu/2021/04/13/april-13-2021-student-vaccination-requirement-for-fall-2021/
130794,Yale University,New Haven County,9009,CT,197.657943349754,Yale University,2021-04-19,Private,CT,1,https://www.wfsb.com/news/yale-university-requiring-all-students-to-get-vaccinated-before-returning-to-campus/article_6d599bfc-a121-11eb-8fe8-4f87c780682c.html
130943,University of Delaware,New Castle County,10003,DE,226.264527093596,University of Delaware,2021-05-05,Public,DE,1,https://www.udel.edu/udaily/2021/may/covid-19-coronavirus-vaccination-requirement-students/
133669,Florida Atlantic University,Palm Beach County,12099,FL,213.018413793103,Clark Atlanta University,2021-04-19,Private,GA,1,https://www.ajc.com/education/emory-and-atlantas-to-require-students-get-covid-19-vaccine/4M3BJZVT5JFVJC6HVB6VGFX5OI/
133711,Flagler College,St. Johns County,12109,FL,204.372785714286,Wagner College,2021-06-03,Private,NY,1,https://wagner.edu/newsroom/student-vax-policy-announced/
137032,Saint Leo University,Pasco County,12101,FL,190.665770935961,Saint Louis University,2021-06-08,Private,MO,1,https://www.slu.edu/health-advisory/messages/slu-to-require-covid-19-vaccine.php
137351,University of South Florida,Hillsborough County,12057,FL,220.246667487685,University of Southern Maine,2021-08-04,Public,ME,1,https://www.maine.edu/together/community-guidance/students/
138309,Rasmussen University-Florida,Marion County,12083,FL,196.846096059113,Husson University,2021-05-17,Private,ME,1,https://www.globenewswire.com/news-release/2021/05/17/2230695/0/en/Husson-University-Takes-Important-Next-Step-in-Protecting-Students-Health.html
138354,The University of West Florida,Escambia County,12033,FL,220.880671182266,The University of the South,2021-08-26,Private,TN,1,https://new.sewanee.edu/2019-novel-coronavirus-covid-19/vaccination-requirement-aug-26/
139199,Brenau University,Hall County,13139,GA,224.644163793103,Bryant University,2021-06-30,Private,RI,1,https://news.bryant.edu/student-covid-19-vaccination-and-masking-policy-fall-semester-2021
139630,Emmanuel College,Franklin County,13119,GA,192.870130541872,Emmanuel College,2021-05-03,Private,MA,1,https://www.emmanuel.edu/forward/announcements/message-from-the-president-concerning-student-vaccinations-for-fall-2021.html
139755,Georgia Institute of Technology-Main Campus,Fulton County,13121,GA,175.842383004926,SAE Institute of Technology at Chicago,2021-08-26,For-profit,IL,1,https://www.illinois.gov/government/executive-orders/executive-order.executive-order-number-20.2021.html
139764,Georgia Southwestern State University,Sumter County,13261,GA,195.624433497537,Northwestern State University,2021-08-23,Public,LA,1,https://www.klfy.com/health/coronavirus/university-of-louisiana-system-will-require-student-covid-19-vaccinations/
140447,Mercer University,Bibb County,13021,GA,208.597089901478,Adler University,2021-08-26,Private,IL,1,https://www.illinois.gov/government/executive-orders/executive-order.executive-order-number-20.2021.html
141167,Thomas University,Thomas County,13275,GA,225.806277093596,Furman University,2021-06-01,Private,SC,1,https://www.furman.edu/furman-focused/campus-communications/june-1-2021/
141237,Truett McConnell University,White County,13311,GA,186.136620689655,Bucknell University,2021-05-13,Private,PA,1,https://www.bucknell.edu/life-bucknell/fall-reopening/students-families/messages-event-recordings
141264,Valdosta State University,Lowndes County,13185,GA,227.128557881773,Salem State University,2021-04-26,Public,MA,1,https://www.salemstate.edu/news/fall-2021-semester-covid-19-vaccine-requirement-apr-26-2021
141264,Valdosta State University,Lowndes County,13185,GA,227.128557881773,Salem State University,2021-04-26,Public,MA,1,https://www.salemstate.edu/news/fall-2021-semester-covid-19-vaccine-requirement-apr-26-2021
141565,University of Hawaii at Hilo,Hawaii County,15001,HI,112.458363300493,University of Hawaii at Hilo,2021-05-17,Public,HI,1,https://www.hawaii.edu/news/2021/05/17/uh-to-require-covid-19-vaccination/
142115,Boise State University,Ada County,16001,ID,239.464056650246,Bowie State University,2021-04-23,Public,MD,1,https://www.usmd.edu/newsroom/news/2154
142285,University of Idaho,Latah County,16057,ID,142.355806650246,University of Miami,2021-06-01,Private,FL,0,https://coronavirus.miami.edu/updates-and-messages/index.html
143084,Augustana College,Rock Island County,17161,IL,200.989993842365,Augustana College,2021-08-26,Private,IL,1,https://www.illinois.gov/government/executive-orders/executive-order.executive-order-number-20.2021.html
143288,Blackburn College,Macoupin County,17117,IL,243.780716748769,Blackburn College,2021-08-26,Private,IL,1,https://www.illinois.gov/government/executive-orders/executive-order.executive-order-number-20.2021.html
143358,Bradley University,Peoria County,17143,IL,223.714011083744,Bradley University,2021-08-26,Private,IL,1,https://www.illinois.gov/government/executive-orders/executive-order.executive-order-number-20.2021.html
144892,Eastern Illinois University,Coles County,17029,IL,259.493831280788,Eastern Illinois University,2021-08-26,Public,IL,1,https://www.illinois.gov/government/executive-orders/executive-order.executive-order-number-20.2021.html
145372,Greenville University,Bond County,17005,IL,221.308988916256,Greenville University,2021-08-26,Private,IL,1,https://www.illinois.gov/government/executive-orders/executive-order.executive-order-number-20.2021.html
145600,University of Illinois Chicago,Cook County,17031,IL,189.887768472906,University of Illinois at Chicago,2021-06-21,Public,IL,1,https://massmail.illinois.edu/massmail/1167605264.html
146612,Lewis University,Will County,17197,IL,202.509665024631,Lewis University,2021-06-01,Private,IL,1,https://www.lewisu.edu/news/newsarticle.htm?PArticleID=11903#.YLpr6LRKj9F
147244,Millikin University,Macon County,17115,IL,252.020860837438,Millikin University,2021-08-26,Private,IL,1,https://www.illinois.gov/government/executive-orders/executive-order.executive-order-number-20.2021.html
147341,Monmouth College,Warren County,17187,IL,196.924410098522,Monmouth College,2021-08-26,Private,IL,1,https://www.illinois.gov/government/executive-orders/executive-order.executive-order-number-20.2021.html
147703,Northern Illinois University,DeKalb County,17037,IL,192.035666256158,Northern Illinois University,2021-06-23,Public,IL,1,https://www.niu.edu/protecting-the-pack/communication/messaging/6-23-21-requiring-covid-19-vaccination-for-students-employees.html
148016,Principia College,Jersey County,17083,IL,241.265716748769,Trinity College,2021-04-28,Private,CT,1,https://www.trincoll.edu/reopening/plans-for-the-fall/
148131,Quincy University,Adams County,17001,IL,293.355103448276,Quincy University,2021-08-26,Private,IL,1,https://www.quincy.edu/coronavirus/
149222,Southern Illinois University-Carbondale,Jackson County,17077,IL,235.695825123153,Southern Illinois University at Carbondale,2021-08-26,Public,IL,1,https://www.illinois.gov/government/executive-orders/executive-order.executive-order-number-20.2021.html
149231,Southern Illinois University-Edwardsville,Madison County,17119,IL,230.53138546798,Southern Illinois University at Edwardsville,2021-08-26,Public,IL,1,https://www.illinois.gov/government/executive-orders/executive-order.executive-order-number-20.2021.html
150066,Anderson University,Madison County,18095,IN,217.151343596059,Judson University,2021-08-26,Private,IL,1,https://www.illinois.gov/government/executive-orders/executive-order.executive-order-number-20.2021.html
150400,DePauw University,Putnam County,18133,IN,211.938280788177,DePauw University,2021-04-26,Private,IN,1,https://www.depauw.edu/coronavirus/qa-about-covid-19/#fall2021
150941,Huntington University,Huntington County,18069,IN,268.49111453202,Binghamton University,2021-05-10,Public,NY,1,https://twitter.com/NYGovCuomo/status/1391784406453477383?s=20
151324,Indiana State University,Vigo County,18167,IN,231.982188423645,Louisiana State University,2021-08-24,Public,LA,1,https://www.lsu.edu/president/messages/2021/08-24-welcome-employees.php
151379,Indiana University-Southeast,Floyd County,18043,IN,207.365588669951,Indiana University-Southeast,2021-05-21,Public,IN,1,https://www.iu.edu/covid/prevention/covid-19-vaccine.html
151777,Manchester University,Wabash County,18169,IN,239.690086206897,Marquette University,2021-06-07,Private,WI,1,https://www.marquette.edu/email/president/6-07-21-vaccine.php/
152080,University of Notre Dame,St. Joseph County,18141,IN,223.937080049261,University of Notre Dame,2021-04-07,Private,IN,1,https://here.nd.edu/health-safety/covid-19-vaccination-information/faculty-and-staff-vaccination-requirement/
152099,Oakland City University,Gibson County,18051,IN,296.189976600985,Oakland University,2021-04-06,Public,MI,1,https://www.oakland.edu/return-to-campus/covid-19-vaccines/
152567,Trine University,Steuben County,18151,IN,237.864786945813,Rice University,2021-05-28,Private,TX,1,https://coronavirus.rice.edu/news/president-planning-fall-semester
153108,Central College,Marion County,19125,IA,194.160039408867,Centralia College,2021-08-20,Public,WA,0,https://www.governor.wa.gov/sites/default/files/proclamations/proc_20-12.5.pdf
153250,Dordt University,Sioux County,19167,IA,195.648678571429,Drew University,2021-04-26,Private,NJ,1,http://www.drew.edu/stories/2021/04/26/drew-university-announces-vaccine-requirement-for-2021-22-academic-year/
154235,Saint Ambrose University,Scott County,19163,IA,204.361300492611,Saint Johns University,2021-08-04,Private,MN,1,https://www.csbsju.edu/covid-19/campus-communications/080421-vaccination-requirement
154350,Simpson College,Warren County,19181,IA,208.076518472906,Ripon College,2021-08-12,Private,WI,1,https://ripon.edu/coronavirus-information/
154590,William Penn University,Mahaska County,19123,IA,186.158733990148,William Paterson University,2021-06-23,Public,NJ,1,https://myemail.constantcontact.com/WP-Vaccine-Requirements-Update.html?soid=1132109892475&aid=4MVKL3TWSCw
154749,Bethel College-North Newton,Harvey County,20079,KS,238.722174876847,Berklee College of Music,2021-04-28,Private,MA,1,https://www.berklee.edu/berklee-now/news/berklee-to-require-students-to-be-fully-vaccinated-against-covid-19-ahead-of-fall-2021-semester
155025,Emporia State University,Lyon County,20111,KS,256.619240147783,Bowie State University,2021-04-23,Public,MD,1,https://www.usmd.edu/newsroom/news/2154
155070,Barclay College,Kiowa County,20097,KS,175.498833743842,Bard College,2021-05-05,Private,NY,1,https://www.bard.edu/covid19/
156082,Washburn University,Shawnee County,20177,KS,234.626176108374,Woodbury University,2021-08-11,Private,CA,1,https://woodbury.edu/news/campus-entry/
156213,Asbury University,Jessamine County,21113,KY,240.003837438424,Augsburg University,2021-07-21,Private,MN,1,https://drive.google.com/file/d/1BTALtRZBsDhowtUh3FEprNCxn84AyBJZ/view
157216,Lindsey Wilson College,Adair County,21001,KY,260.883378078818,Warren Wilson College,2021-05-04,Private,NC,1,https://warren-wilson.edu/about/news-events/covid-19-response/
157386,Morehead State University,Rowan County,21205,KY,230.893715517241,Morgan State University,2021-04-23,Public,MD,1,https://twitter.com/morganpres/status/1385566447619952643
157447,Northern Kentucky University,Campbell County,21037,KY,210.763995073892,Northern Illinois University,2021-06-23,Public,IL,1,https://www.niu.edu/protecting-the-pack/communication/messaging/6-23-21-requiring-covid-19-vaccination-for-students-employees.html
157535,University of Pikeville,Pike County,21195,KY,281.025895320197,University of Maine,2021-08-04,Public,ME,1,https://www.maine.edu/together/community-guidance/students/
157809,Thomas More University,Kenton County,21117,KY,216.190178571429,Towson University,2021-04-23,Public,MD,1,https://www.usmd.edu/newsroom/news/2154
157863,Union College,Knox County,21121,KY,317.176064039409,Union College,2021-05-07,Private,NY,1,https://www.union.edu/news/where-you-are/202105/vaccination-requirement-students-effective-july-1
159647,Louisiana Tech University,Lincoln Parish,22061,LA,211.094848522168,Louisiana Tech University,2021-08-23,Public,LA,1,https://www.klfy.com/health/coronavirus/university-of-louisiana-system-will-require-student-covid-19-vaccinations/
159993,University of Louisiana at Monroe,Ouachita Parish,22073,LA,266.166833743842,University of Louisiana at Monroe,2021-08-23,Public,LA,1,https://www.klfy.com/health/coronavirus/university-of-louisiana-system-will-require-student-covid-19-vaccinations/
160409,Saint Joseph Seminary College,St. Tammany Parish,22103,LA,225.842030788177,Saint Augustine College,2021-08-26,Private,IL,1,https://www.illinois.gov/government/executive-orders/executive-order.executive-order-number-20.2021.html
161226,University of Maine at Farmington,Franklin County,23007,ME,159.651168719212,University of Maine at Farmington,2021-08-04,Public,ME,1,https://www.maine.edu/together/community-guidance/students/
161299,Maine Maritime Academy,Hancock County,23009,ME,114.565834975369,Maine Maritime Academy,2021-08-12,Public,ME,1,https://mainemaritime.edu/about-mma/press-releases/maine-maritime-academy-announces-student-vaccine-requirement-for-fall-2021/
161554,University of Southern Maine,Cumberland County,23005,ME,141.819530788177,University of Southern Maine,2021-08-04,Public,ME,1,https://www.maine.edu/together/community-guidance/students/
162584,Frostburg State University,Allegany County,24001,MD,88.8929039408867,Frostburg State University,2021-04-23,Public,MD,1,https://www.usmd.edu/newsroom/news/2154
163462,Mount St. Mary's University,Frederick County,24021,MD,68.5245689655173,Mount St. Mary's University,2021-05-04,Private,MD,1,https://inside.msmary.edu/return-to-the-mount/covid-19-info/vaccine-policies.html
163912,St. Mary's College of Maryland,St. Mary's County,24037,MD,49.5236490147783,St. Mary's College of Maryland,2021-05-12,Public,MD,1,https://www.smcm.edu/fall-2021/
164216,Washington College,Kent County,24029,MD,56.1168522167488,Bennington College,2021-04-16,Private,VT,1,https://www.bennington.edu/news-and-features/planning-fall-covid-vaccinations
164580,Babson College,Norfolk County,25021,MA,161.411020935961,Albion College,2021-05-19,Private,MI,1,https://www.albion.edu/albion-college-to-require-a-covid-19-vaccination-before-returning-to-campus-for-the-fall-2021-semester/
164988,Boston University,Suffolk County,25025,MA,227.51663546798,Boston University,2021-04-09,Private,MA,1,https://www.bu.edu/president/vaccination-and-the-fall-semester-at-boston-university/
165024,Bridgewater State University,Plymouth County,25023,MA,191.321426108374,Bridgewater State University,2021-04-26,Public,MA,1,https://www.salemstate.edu/news/fall-2021-semester-covid-19-vaccine-requirement-apr-26-2021
165820,Fitchburg State University,Worcester County,25027,MA,199.918272167488,Fitchburg State University,2021-04-26,Public,MA,1,https://www.salemstate.edu/news/fall-2021-semester-covid-19-vaccine-requirement-apr-26-2021
166629,University of Massachusetts-Amherst,Hampshire County,25015,MA,149.228958128079,University of Massachusetts at Amherst,2021-04-22,Public,MA,1,https://www.umass.edu/coronavirus/news/message-chancellor-about-additional-public-health-measures-fall-2021-semester
167729,Salem State University,Essex County,25009,MA,224.513007389163,Salem State University,2021-04-26,Public,MA,1,https://www.salemstate.edu/news/fall-2021-semester-covid-19-vaccine-requirement-apr-26-2021
167729,Salem State University,Essex County,25009,MA,224.513007389163,Salem State University,2021-04-26,Public,MA,1,https://www.salemstate.edu/news/fall-2021-semester-covid-19-vaccine-requirement-apr-26-2021
167987,University of Massachusetts-Dartmouth,Bristol County,25005,MA,228.899623152709,University of Massachusetts at Dartmouth,2021-04-30,Public,MA,1,https://www.umassd.edu/covid/vaccine/
168263,Westfield State University,Hampden County,25013,MA,246.084651477833,Westfield State University,2021-04-26,Public,MA,1,https://www.salemstate.edu/news/fall-2021-semester-covid-19-vaccine-requirement-apr-26-2021
169910,Ferris State University,Mecosta County,26107,MI,169.054752463054,Bowie State University,2021-04-23,Public,MD,1,https://www.usmd.edu/newsroom/news/2154
170286,Hillsdale College,Hillsdale County,26059,MI,193.93077955665,Mills College,2021-06-10,Private,CA,1,https://www.mills.edu/covid-19/index.php
171128,Michigan Technological University,Houghton County,26061,MI,186.113002463054,Lawrence Technological University,2021-04-13,Private,MI,0,https://www.ltu.edu/news/?_from=/news/index.asp&_opt=detail&_cid=31a6acae-df51-4189-ab88-edf7d6668a7d
172334,Spring Arbor University,Jackson County,26075,MI,213.841017241379,Stony Brook University,2021-05-10,Public,NY,1,https://twitter.com/NYGovCuomo/status/1391784406453477383?s=20
172699,Western Michigan University,Kalamazoo County,26077,MI,192.195831280788,Western Oregon University,2021-05-10,Public,OR,1,https://www.opb.org/article/2021/05/10/oregon-universities-covid-19-vaccine-plan/
173957,Mayo Clinic College of Medicine and Science,Olmsted County,27109,MN,223.580693349754,Worsham College of Mortuary Science,2021-08-26,For-profit,IL,1,https://www.illinois.gov/government/executive-orders/executive-order.executive-order-number-20.2021.html
174251,University of Minnesota-Morris,Stevens County,27149,MN,220.318371921182,University of Maine at Machias,2021-08-04,Public,ME,1,https://www.maine.edu/together/community-guidance/students/
174783,Saint Cloud State University,Stearns County,27145,MN,271.496383004926,San Jose State University,2021-04-22,Public,CA,1,https://www2.calstate.edu/csu-system/news/Pages/CSU-COVID-Vax-Requirement-FDA-Approval.aspx
175272,Winona State University,Winona County,27169,MN,215.805092364532,Sonoma State University,2021-04-22,Public,CA,1,https://www2.calstate.edu/csu-system/news/Pages/CSU-COVID-Vax-Requirement-FDA-Approval.aspx
175616,Delta State University,Bolivar County,28011,MS,258.251600985222,Salem State University,2021-04-26,Public,MA,1,https://www.salemstate.edu/news/fall-2021-semester-covid-19-vaccine-requirement-apr-26-2021
175616,Delta State University,Bolivar County,28011,MS,258.251600985222,Salem State University,2021-04-26,Public,MA,1,https://www.salemstate.edu/news/fall-2021-semester-covid-19-vaccine-requirement-apr-26-2021
176044,Mississippi Valley State University,Leflore County,28083,MS,219.724199507389,Grand Valley State University,2021-08-06,Public,MI,1,https://www.gvsu.edu/president/messages-40.htm
176372,University of Southern Mississippi,Forrest County,28035,MS,252.830017241379,University of Southern Maine,2021-08-04,Public,ME,1,https://www.maine.edu/together/community-guidance/students/
176406,Tougaloo College,Madison County,28089,MS,194.597784482759,Molloy College,2021-07-27,Private,NY,1,https://www.molloy.edu/molloy-life/student-health-and-wellness/coronavirus-updates/vaccination-guidelines-for-employees
176965,University of Central Missouri,Johnson County,29101,MO,192.950312807882,University of Baltimore,2021-04-23,Public,MD,1,https://www.usmd.edu/newsroom/news/2154
177144,Culver-Stockton College,Lewis County,29111,MO,230.596396551724,Fullerton College,2021-08-24,Public,CA,1,https://noce.edu/wp-content/uploads/2021/08/8.26.2021-COVID-19-Vaccination-Mandate-accessible.pdf
178341,Missouri Southern State University,Jasper County,29097,MO,245.604024630542,Northwestern State University,2021-08-23,Public,LA,1,https://www.klfy.com/health/coronavirus/university-of-louisiana-system-will-require-student-covid-19-vaccinations/
178369,Missouri Valley College,Saline County,29195,MO,234.163834975369,Moreno Valley College,2021-08-10,Public,CA,1,https://www.rccd.edu/news/Pages/RCCD-Trustees-Mandate-COVID-Vaccinations.aspx
178402,University of Missouri-Kansas City,Jackson County,29095,MO,256.924078817734,University of Michigan at Flint,2021-07-30,Public,MI,1,https://record.umich.edu/articles/u-m-will-require-covid-19-vaccination-on-all-campuses/
178411,Missouri University of Science and Technology,Phelps County,29161,MO,196.221528325123,University of Maine at Machias,2021-08-04,Public,ME,1,https://www.maine.edu/together/community-guidance/students/
179326,Southwest Baptist University,Polk County,29167,MO,214.200445812808,Southwestern University,2021-07-14,Private,TX,1,https://www.southwestern.edu/live/news/14857-student-covid-19-health-and-safety-protocols
179867,Washington University in St Louis,St. Louis County,29189,MO,191.605163793103,Washington University in St. Louis,2021-04-28,Private,MO,1,https://covid19.wustl.edu/covid-19-vaccine-requirement/
180106,Carroll College,Lewis and Clark County,30049,MT,217.638593596059,Curry College,2021-05-06,Private,MA,1,https://www.curry.edu/about-us/community-resources/employment/return-to-campus-communications
180416,Montana Technological University,Silver Bow County,30093,MT,206.349118226601,Lawrence Technological University,2021-04-13,Private,MI,0,https://www.ltu.edu/news/?_from=/news/index.asp&_opt=detail&_cid=31a6acae-df51-4189-ab88-edf7d6668a7d
180692,The University of Montana-Western,Beaverhead County,30001,MT,180.449410098522,The University of the South,2021-08-26,Private,TN,1,https://new.sewanee.edu/2019-novel-coronavirus-covid-19/vaccination-requirement-aug-26/
180984,Concordia University-Nebraska,Seward County,31159,NE,84.0992512315271,Concordia University at Chicago,2021-08-26,Private,IL,1,https://www.illinois.gov/government/executive-orders/executive-order.executive-order-number-20.2021.html
182290,University of Nevada-Reno,Washoe County,32031,NV,191.07984729064,University of Nevada at Reno,2021-08-20,Public,NV,0,https://www.unlv.edu/news-story/nevada-state-board-health-approves-covid-19-vaccination-requirement-students
182306,Great Basin College,Elko County,32007,NV,189.216193349754,Great Basin College,2021-08-20,Public,NV,0,https://www.unlv.edu/news-story/nevada-state-board-health-approves-covid-19-vaccination-requirement-students
183026,Southern New Hampshire University,Merrimack County,33013,NH,182.640466748768,Southern New Hampshire University,2021-04-23,Private,NH,1,https://www.snhu.edu/about-us/covid-19
183044,University of New Hampshire-Main Campus,Strafford County,33017,NH,192.198889162562,University of New Mexico-Main Campus,2021-08-02,Public,NM,1,https://bringbackthepack.unm.edu/vaccine/vaccine-requirement.html
183804,Beth Medrash Govoha,Ocean County,34029,NJ,230.637773399015,Bethany College,2021-06-23,Private,WV,1,https://www.bethanywv.edu/about-bethany/bethany-college-requiring-students-to-get-covid-19-vaccination/
183974,Centenary University,Warren County,34041,NJ,196.082431034483,Centenary University,2021-07-13,Private,NJ,1,https://www.centenaryuniversity.edu/coronavirus-communications/
184603,Fairleigh Dickinson University-Metropolitan Campus,Bergen County,34003,NJ,208.164229064039,Fairleigh Dickinson University,2021-04-15,Private,NJ,1,https://www.fdu.edu/coronavirus-update/
184782,Rowan University,Gloucester County,34015,NJ,206.314454433498,Rowan University,2021-05-06,Public,NJ,1,https://today.rowan.edu/news/2021/05/rowan-offers-vaccination-incentives.html
185572,Monmouth University,Monmouth County,34025,NJ,229.301133004926,Monmouth University,2021-06-14,Private,NJ,1,https://www.monmouth.edu/covid-19/fall-2021-healthcare-protocols/
185590,Montclair State University,Passaic County,34031,NJ,249.159294334975,Montclair State University,2021-04-22,Public,NJ,1,https://www.montclair.edu/redhawk-restart/2021/04/22/important-news-about-covid-19-vaccines/
186371,Rutgers University-Camden,Camden County,34007,NJ,214.131660098522,Rutgers University-Camden,2021-03-25,Public,NJ,1,https://www.rutgers.edu/news/rutgers-require-covid-19-vaccine-students
187596,Navajo Technical University,McKinley County,35031,NM,311.573736453202,Upstate Medical University,2021-05-10,Public,NY,1,https://twitter.com/NYGovCuomo/status/1391784406453477383?s=20
187985,University of New Mexico-Main Campus,Bernalillo County,35001,NM,186.452422413793,University of New Mexico-Main Campus,2021-08-02,Public,NM,1,https://bringbackthepack.unm.edu/vaccine/vaccine-requirement.html
188304,Western New Mexico University,Grant County,35017,NM,208.435475369458,Western New England University,2021-05-24,Private,MA,1,https://www1.wne.edu/coronavirus/update-may-24-2021.cfm
190099,Colgate University,Madison County,36053,NY,160.776757389163,Colgate University,2021-05-05,Private,NY,1,https://www.colgate.edu/colgate-together/university-policies-during-covid-19/vaccination-policy
190983,Elmira College,Chemung County,36015,NY,220.383975369458,Elms College,2021-05-07,Private,MA,1,https://www.elms.edu/elms-safe/letter-from-the-president/
191630,Hobart William Smith Colleges,Ontario County,36069,NY,157.379043103448,Hobart and William Smith Colleges,2021-08-23,Private,NY,1,https://www2.hws.edu/vaccinations-and-covid-cases/
192448,Long Island University,Nassau County,36059,NY,257.518868226601,Longwood University,2021-06-09,Public,VA,1,http://www.longwood.edu/news/2021/message-to-students-about-vaccine-plans/
193016,Mercy College,Westchester County,36119,NY,224.846550492611,Mercy College,2021-07-12,Private,NY,1,https://www.mercy.edu/news-events/news/message-students-re-vaccine-requirements-july-12
194824,Rensselaer Polytechnic Institute,Rensselaer County,36083,NY,171.411581280788,Rensselaer Polytechnic Institute,2021-04-16,Private,NY,1,https://www.timesunion.com/news/article/RPI-requires-vaccinations-in-person-classes-for-16107307.php
195164,St Bonaventure University,Cattaraugus County,36009,NY,173.845983990148,St. Bonaventure University,2021-06-23,Private,NY,1,https://www.sbu.edu/news/news-items/2021/06/23/vaccines-required-for-sbu-students-this-fall
195243,St. Thomas Aquinas College,Rockland County,36087,NY,245.263604679803,St. Francis College,2021-06-07,Private,NY,1,https://www.sfc.edu/newsevents/news/details/~news-id/1192
195809,St. John's University-New York,Queens County,36081,NY,245.90042364532,St. John's University,2021-04-21,Private,NY,1,https://www.stjohns.edu/about/news/announcements/covid-19-vaccination-requirement-fall-2021
196060,SUNY at Albany,Albany County,36001,NY,167.37072044335,SUNY at Albany,2021-05-10,Public,NY,1,https://twitter.com/NYGovCuomo/status/1391784406453477383?s=20
196246,SUNY College at Plattsburgh,Clinton County,36019,NY,179.368242610837,SUNY College at Plattsburgh,2021-05-10,Public,NY,1,https://twitter.com/NYGovCuomo/status/1391784406453477383?s=20
196413,Syracuse University,Onondaga County,36067,NY,213.787062807882,Syracuse University,2021-04-08,Private,NY,1,https://news.syr.edu/blog/2021/04/08/covid-19-vaccination/
197911,Barton College,Wilson County,37195,NC,227.766497536946,Boston College,2021-04-23,Private,MA,1,https://www.bcheights.com/2021/04/23/bc-to-require-vaccinations-for-2021-2022-academic-year/
197984,Belmont Abbey College,Gaston County,37071,NC,249.977592364532,Beloit College,2021-05-21,Private,WI,1,https://www.beloit.edu/live/blurbs/1071-community-care-college-is-requiring-vaccines-for
198215,Catawba College,Rowan County,37159,NC,249.344176108374,Cascadia College,2021-08-20,Public,WA,0,https://www.governor.wa.gov/sites/default/files/proclamations/proc_20-12.5.pdf
198303,Chowan University,Hertford County,37091,NC,168.191357142857,Rowan University,2021-05-06,Public,NJ,1,https://today.rowan.edu/news/2021/05/rowan-offers-vaccination-incentives.html
198464,East Carolina University,Pitt County,37147,NC,249.484708128079,Castleton University,2021-07-22,Public,VT,1,https://www.castleton.edu/covid-19-coronavirus-updates/covid-vaccine/
198808,Lees-McRae College,Avery County,37011,NC,221.579472906404,Le Moyne College,2021-04-23,Private,NY,1,https://www.lemoyne.edu/News/News-Article/ArticleId/320
198835,Lenoir-Rhyne University,Catawba County,37035,NC,256.74496182266,Lenoir-Rhyne University,2021-06-25,Private,NC,1,https://www.lr.edu/coronavirus#vaccine-requirement
199111,University of North Carolina at Asheville,Buncombe County,37021,NC,172.525830049261,University of California at Irvine,2021-04-22,Public,CA,1,https://www.universityofcalifornia.edu/press-room/uc-encourages-covid-19-vaccinations-university-communities-while-reviewing-policy
199120,University of North Carolina at Chapel Hill,Orange County,37135,NC,152.038149014778,University of Maryland at College Park,2021-04-23,Public,MD,1,https://www.usmd.edu/newsroom/news/2154
199148,University of North Carolina at Greensboro,Guilford County,37081,NC,187.580602216749,University of Michigan at Dearborn,2021-07-30,Public,MI,1,https://record.umich.edu/articles/u-m-will-require-covid-19-vaccination-on-all-campuses/
199193,North Carolina State University at Raleigh,Wake County,37183,NC,225.049352216749,Louisiana State University at Eunice,2021-08-25,Public,LA,1,https://www.katc.com/news/covering-louisiana/regents-updates-on-louisiana-higher-ed-vaccine-mandates
199218,University of North Carolina Wilmington,New Hanover County,37129,NC,185.588100985222,University of Phoenix in Washington,2021-08-20,For-profit,WA,0,https://www.governor.wa.gov/sites/default/files/proclamations/proc_20-12.5.pdf
200004,Western Carolina University,Jackson County,37099,NC,182.828713054187,Western Oregon University,2021-05-10,Public,OR,1,https://www.opb.org/article/2021/05/10/oregon-universities-covid-19-vaccine-plan/
200156,University of Jamestown,Stutsman County,38093,ND,288.419113300493,University of Charleston,2021-06-18,Private,WV,1,https://www.ucwv.edu/coronavirus-information/
200484,Trinity Bible College and Graduate School,Dickey County,38021,ND,236.017408866995,Pierce College at Fort Steilacoom,2021-08-20,Public,WA,0,https://www.governor.wa.gov/sites/default/files/proclamations/proc_20-12.5.pdf
201441,Bowling Green State University-Main Campus,Wood County,39173,OH,207.15775,Washington State University-Tri Cities,2021-04-28,Public,WA,1,https://from.wsu.edu/president/2021/covid-19-vaccine-requirement/email.html
204501,Oberlin College,Lorain County,39093,OH,185.040086206897,Emerson College,2021-04-21,Private,MA,1,https://today.emerson.edu/2021/04/21/update-on-fall-2021-term-planning/
204635,Ohio Northern University,Hardin County,39065,OH,190.224102216749,Ohio State University,2021-08-24,Public,OH,1,https://news.osu.edu/ohio-state-announces-vaccination-requirement/
204680,Ohio State University-Mansfield Campus,Richland County,39139,OH,224.109167487685,Ohio State University,2021-08-24,Public,OH,1,https://news.osu.edu/ohio-state-announces-vaccination-requirement/
205957,Franciscan University of Steubenville,Jefferson County,39081,OH,192.789392857143,Chamberlain University at Jacksonville,2021-07-15,For-profit,FL,1,https://www.chamberlain.edu/coronavirus-vaccine-policy
206604,Wright State University-Main Campus,Greene County,39057,OH,191.225426108374,Kent State University at Salem,2021-08-27,Public,OH,1,https://www.kent.edu/coronavirus/news/kent-state-announces-covid-19-vaccine-requirement
206695,Youngstown State University,Mahoning County,39099,OH,201.151801724138,Louisiana State University,2021-08-24,Public,LA,1,https://www.lsu.edu/president/messages/2021/08-24-welcome-employees.php
206817,Bacone College,Muskogee County,40101,OK,252.195267241379,Bard College,2021-05-05,Private,NY,1,https://www.bard.edu/covid19/
207388,Oklahoma State University-Main Campus,Payne County,40119,OK,191.853128078818,California State University-Stanislaus,2021-04-22,Public,CA,1,https://www2.calstate.edu/csu-system/news/Pages/CSU-COVID-Vax-Requirement-FDA-Approval.aspx
207403,Oklahoma Baptist University,Pottawatomie County,40125,OK,243.870951970443,Sonoma State University,2021-04-22,Public,CA,1,https://www2.calstate.edu/csu-system/news/Pages/CSU-COVID-Vax-Requirement-FDA-Approval.aspx
207500,University of Oklahoma-Norman Campus,Cleveland County,40027,OK,240.193625615764,University of Maryland Global Campus,2021-04-23,Public,MD,1,https://www.usmd.edu/newsroom/news/2154
208646,Eastern Oregon University,Union County,41061,OR,157.383969211823,Eastern Oregon University,2021-06-03,Public,OR,1,https://www.eou.edu/news-press/eou-will-require-covid-19-vaccinations-for-fall-2021/
210429,Western Oregon University,Polk County,41053,OR,152.454136699507,Western Oregon University,2021-05-10,Public,OR,1,https://www.opb.org/article/2021/05/10/oregon-universities-covid-19-vaccine-plan/
210669,Allegheny College,Crawford County,42039,PA,200.742883004926,Allegheny College,2021-05-18,Private,PA,1,https://sites.allegheny.edu/covid19/2021/05/18/covid-19-vaccine-to-be-required-for-allegheny-students/
210739,DeSales University,Lehigh County,42077,PA,208.84488546798,Salus University,2021-06-17,Private,PA,1,https://www.salus.edu/Salus/media/Images/Vaccine-Requirement.pdf
211088,Arcadia University,Montgomery County,42091,PA,158.379166256158,Arcadia University,2021-08-17,Private,PA,1,https://www.arcadia.edu/announcements/2021/08/17/aug-17-2021-presidential-message-covid-vaccine-requirement-update
211291,Bucknell University,Union County,42119,PA,222.145291871921,Bucknell University,2021-05-13,Private,PA,1,https://www.bucknell.edu/life-bucknell/fall-reopening/students-families/messages-event-recordings
212674,Gettysburg College,Adams County,42001,PA,207.075737684729,Gettysburg College,2021-05-20,Private,PA,1,https://www.gettysburg.edu/opening/messages/20210520-student-vaccinations
213251,Juniata College,Huntingdon County,42061,PA,217.956052955665,Eureka College,2021-08-26,Private,IL,1,https://www.illinois.gov/government/executive-orders/executive-order.executive-order-number-20.2021.html
213303,Keystone College,Wyoming County,42131,PA,159.242693349754,Boston College,2021-04-23,Private,MA,1,https://www.bcheights.com/2021/04/23/bc-to-require-vaccinations-for-2021-2022-academic-year/
213507,Lebanon Valley College,Lebanon County,42075,PA,222.126172413793,Moreno Valley College,2021-08-10,Public,CA,1,https://www.rccd.edu/news/Pages/RCCD-Trustees-Mandate-COVID-Vaccinations.aspx
214041,Millersville University of Pennsylvania,Lancaster County,42071,PA,191.05454679803,University of Pennsylvania,2021-04-22,Private,PA,1,https://penntoday.upenn.edu/announcements/update-penns-plans-fall-semester
215266,University of Pittsburgh-Bradford,McKean County,42083,PA,171.789316502463,University of Connecticut-Stamford,2021-06-04,Public,CT,1,https://policy.uconn.edu/2021/06/04/covid-19-immunization-record-requirement-for-students/#
215929,University of Scranton,Lackawanna County,42069,PA,178.80678817734,University of Scranton,2021-05-19,Private,PA,1,https://www.scranton.edu/royals-safe-together/assets/documents/vaccine-mandate-for-fall-2021.pdf
216038,Slippery Rock University of Pennsylvania,Butler County,42019,PA,203.821205665025,University of Pennsylvania,2021-04-22,Private,PA,1,https://penntoday.upenn.edu/announcements/update-penns-plans-fall-semester
216597,Villanova University,Delaware County,42045,PA,167.448156403941,Villanova University,2021-06-03,Private,PA,1,https://www1.villanova.edu/university/return-to-campus/vaccine-information/vaccine-faqs.html
217156,Brown University,Providence County,44007,RI,298.185485221675,Brown University,2021-04-06,Private,RI,1,https://www.providencejournal.com/story/news/2021/04/06/brown-begin-requiring-vaccines-students-come-fall/7107713002/
217536,Salve Regina University,Newport County,44005,RI,209.491041871921,Salve Regina University,2021-06-08,Private,RI,1,https://salve.edu/june-8-salve-regina-community-vaccination-status-and-returning-salve-regina
217907,Coker University,Darlington County,45031,SC,243.59900862069,Adler University,2021-08-26,Private,IL,1,https://www.illinois.gov/government/executive-orders/executive-order.executive-order-number-20.2021.html
218229,Lander University,Greenwood County,45047,SC,273.624386699507,Rider University,2021-04-29,Private,NJ,1,https://www.rider.edu/about/news/rider-will-require-covid-19-vaccination-students
218414,Newberry College,Newberry County,45071,SC,295.688252463054,Curry College,2021-05-06,Private,MA,1,https://www.curry.edu/about-us/community-resources/employment/return-to-campus-communications
218539,Presbyterian College,Laurens County,45059,SC,236.678450738916,Prescott College,2021-06-02,Private,AZ,1,https://covid.prescott.edu/
218654,University of South Carolina Beaufort,Beaufort County,45013,SC,192.939181034483,University of Southern California,2021-04-26,Private,CA,1,https://policy.usc.edu/covid-19-vaccination-program/
218724,Coastal Carolina University,Horry County,45051,SC,234.479890394089,Castleton University,2021-07-22,Public,VT,1,https://www.castleton.edu/covid-19-coronavirus-updates/covid-vaccine/
218733,South Carolina State University,Orangeburg County,45075,SC,232.491727832512,Louisiana State University,2021-08-24,Public,LA,1,https://www.lsu.edu/president/messages/2021/08-24-welcome-employees.php
218742,University of South Carolina-Upstate,Spartanburg County,45083,SC,255.637800492611,University of Southern California,2021-04-26,Private,CA,1,https://policy.usc.edu/covid-19-vaccination-program/
219000,Augustana University,Minnehaha County,46099,SD,254.482043103448,Augsburg University,2021-07-21,Private,MN,1,https://drive.google.com/file/d/1BTALtRZBsDhowtUh3FEprNCxn84AyBJZ/view
219046,Black Hills State University,Lawrence County,46081,SD,215.064540640394,Nicholls State University,2021-08-23,Public,LA,1,https://www.klfy.com/health/coronavirus/university-of-louisiana-system-will-require-student-covid-19-vaccinations/
219082,Dakota State University,Lake County,46079,SD,148.453068965517,Sonoma State University,2021-04-22,Public,CA,1,https://www2.calstate.edu/csu-system/news/Pages/CSU-COVID-Vax-Requirement-FDA-Approval.aspx
219198,Mount Marty University,Yankton County,46135,SD,218.645456896552,Point Park University,2021-06-29,Private,PA,1,https://www.pointpark.edu/studentlife/healthandstudentservices/studenthealthcenter/returntocampus/index
219277,Oglala Lakota College,Oglala Lakota County,46102,SD,227.177089901478,Folsom Lake College,2021-08-03,Public,CA,1,https://losrios.edu/campus-life/news/los-rios-to-implement-covid-19-vaccine-requirement
219718,Bethel University,Carroll County,47017,TN,274.877098522168,Bentley University,2021-05-17,Private,MA,1,https://www.bentley.edu/news/COVID-19-vaccination-requirements
219806,Carson-Newman University,Jefferson County,47089,TN,247.469269704434,Castleton University,2021-07-22,Public,VT,1,https://www.castleton.edu/covid-19-coronavirus-updates/covid-vaccine/
219949,Cumberland University,Wilson County,47189,TN,248.030229064039,American University,2021-04-14,Private,DC,1,https://www.american.edu/media/pr/20210524_vaccine_community_update.cfm
220631,Lincoln Memorial University,Claiborne County,47025,TN,243.422976600985,Lincoln Christian University,2021-08-26,Private,IL,1,https://www.illinois.gov/government/executive-orders/executive-order.executive-order-number-20.2021.html
220701,Martin Methodist College,Giles County,47055,TN,272.813523399015,Methodist College,2021-08-26,Private,IL,1,https://www.illinois.gov/government/executive-orders/executive-order.executive-order-number-20.2021.html
220862,University of Memphis,Shelby County,47157,TN,216.531525862069,University of Miami,2021-06-01,Private,FL,0,https://coronavirus.miami.edu/updates-and-messages/index.html
221731,Tennessee Wesleyan University,McMinn County,47107,TN,266.270745073892,Illinois Wesleyan University,2021-08-26,Private,IL,1,https://www.illinois.gov/government/executive-orders/executive-order.executive-order-number-20.2021.html
221759,The University of Tennessee-Knoxville,Knox County,47093,TN,233.510002463054,The University of the South,2021-08-26,Private,TN,1,https://new.sewanee.edu/2019-novel-coronavirus-covid-19/vaccination-requirement-aug-26/
221953,Tusculum University,Greene County,47059,TN,274.491694581281,Augsburg University,2021-07-21,Private,MN,1,https://drive.google.com/file/d/1BTALtRZBsDhowtUh3FEprNCxn84AyBJZ/view
221999,Vanderbilt University,Davidson County,47037,TN,237.688480295567,Vanderbilt University,2021-05-17,Private,TN,1,https://www.vanderbilt.edu/coronavirus/
225885,Jarvis Christian College,Wood County,48499,TX,149.88236453202,Trinity Christian College,2021-08-26,Private,IL,1,https://www.illinois.gov/government/executive-orders/executive-order.executive-order-number-20.2021.html
226471,University of Mary Hardin-Baylor,Bell County,48027,TX,158.882626847291,University of Mary Washington,2021-05-26,Public,VA,1,https://www.umw.edu/returntocampus/faq/
227881,Sam Houston State University,Walker County,48471,TX,217.256823891626,San Jose State University,2021-04-22,Public,CA,1,https://www2.calstate.edu/csu-system/news/Pages/CSU-COVID-Vax-Requirement-FDA-Approval.aspx
228325,Southwestern Assemblies of God University,Ellis County,48139,TX,227.386030788177,Southeastern Louisiana University,2021-08-23,Public,LA,1,https://www.klfy.com/health/coronavirus/university-of-louisiana-system-will-require-student-covid-19-vaccinations/
228343,Southwestern University,Williamson County,48491,TX,194.315455665025,Southwestern University,2021-07-14,Private,TX,1,https://www.southwestern.edu/live/news/14857-student-covid-19-health-and-safety-protocols
228459,Texas State University,Hays County,48209,TX,224.965245073892,Utah State University,2021-08-27,Public,UT,1,https://www.usu.edu/today/story/usu-to-require-student-vaccine-for-spring-semester
228468,Southwestern Adventist University,Johnson County,48251,TX,211.87572044335,Washington Adventist University,2021-05-25,Private,MD,1,https://www.wau.edu/wau-requiring-vaccination-for-fall-semester/
228486,Southwestern Christian College,Kaufman County,48257,TX,223.833753694581,Southwestern Illinois College,2021-08-26,Public,IL,1,https://www.illinois.gov/government/executive-orders/executive-order.executive-order-number-20.2021.html
228529,Tarleton State University,Erath County,48143,TX,173.644789408867,Oregon State University,2021-05-04,Public,OR,1,https://covid.oregonstate.edu/latest-updates/university-plans-require-vaccinations
228653,The University of Texas Medical Branch at Galveston,Galveston County,48167,TX,240.918756157636,University of New Mexico at Gallup,2021-08-02,Public,NM,1,https://bringbackthepack.unm.edu/vaccine/vaccine-requirement.html
229018,The University of Texas Permian Basin,Ector County,48135,TX,193.99422044335,The University of the South,2021-08-26,Private,TN,1,https://new.sewanee.edu/2019-novel-coronavirus-covid-19/vaccination-requirement-aug-26/
229027,The University of Texas at San Antonio,Bexar County,48029,TX,239.667322660099,University of Maine at Farmington,2021-08-04,Public,ME,1,https://www.maine.edu/together/community-guidance/students/
229780,Wayland Baptist University,Hale County,48189,TX,167.442857142857,Walla Walla University,2021-08-20,Private,WA,0,https://www.governor.wa.gov/sites/default/files/proclamations/proc_20-12.5.pdf
230737,Utah Valley University,Utah County,49049,UT,273.118772167488,La Salle University,2021-06-17,Private,PA,1,https://www.lasalle.edu/blog/2021/06/17/vaccine-requirement-and-additional-health-and-safety-updates-for-fall-2021/
230782,Weber State University,Weber County,49057,UT,228.196445812808,Salem State University,2021-04-26,Public,MA,1,https://www.salemstate.edu/news/fall-2021-semester-covid-19-vaccine-requirement-apr-26-2021
230782,Weber State University,Weber County,49057,UT,228.196445812808,Salem State University,2021-04-26,Public,MA,1,https://www.salemstate.edu/news/fall-2021-semester-covid-19-vaccine-requirement-apr-26-2021
231165,Vermont Technical College,Orange County,50017,VT,142.380921182266,Renton Technical College,2021-08-20,Public,WA,0,https://www.governor.wa.gov/sites/default/files/proclamations/proc_20-12.5.pdf
231420,Averett University,Danville City,51590,VA,235.609041871921,Alfred University,2021-05-10,Private,NY,1,https://twitter.com/NYGovCuomo/status/1391784406453477383?s=20
232025,Emory & Henry College,Washington County,51191,VA,219.073881773399,Bryn Mawr College,2021-04-28,Private,PA,1,https://www.brynmawr.edu/news/message-bico-community-covid-vaccinations-be-required-students-fall-2021
232265,Hampton University,Hampton City,51650,VA,176.874426108374,Hampton University,2021-04-08,Private,VA,1,http://docs.hamptonu.edu/student/20210414123904-13399-new_student_revised_letter.pdf_20210416112456.pdf
232982,Old Dominion University,Norfolk City,51710,VA,149.749503694581,Old Dominion University,2021-06-08,Public,VA,1,https://www.odu.edu/emergency/news/2020/2/novel_coronavirus_co/update-35
233277,Radford University,Radford City,51750,VA,228.422009852217,Radford University,2021-06-15,Public,VA,1,https://www.radford.edu/content/radfordcore/home/reopening/fall2021-operational-plan.html
233356,Bon Secours Memorial College of Nursing,Henrico County,51087,VA,168.29457635468,Ambria College of Nursing,2021-08-26,For-profit,IL,1,https://www.illinois.gov/government/executive-orders/executive-order.executive-order-number-20.2021.html
233684,Strayer University-Virginia,Arlington County,51013,VA,152.693694581281,University of Virginia,2021-05-20,Public,VA,1,https://coronavirus.virginia.edu/updates/important-information-about-fall-2021
233897,The University of Virginia's College at Wise,Wise County,51195,VA,234.916806650246,University of Maryland at College Park,2021-04-23,Public,MD,1,https://www.usmd.edu/newsroom/news/2154
233921,Virginia Polytechnic Institute and State University,Montgomery County,51121,VA,162.661321428571,Virginia Polytechnic Institute and State University,2021-06-08,Public,VA,1,https://vtx.vt.edu/articles/2021/06/president-message-060821.html
234076,University of Virginia-Main Campus,Albemarle County,51003,VA,135.867863300493,University of New Mexico-Main Campus,2021-08-02,Public,NM,1,https://bringbackthepack.unm.edu/vaccine/vaccine-requirement.html
234827,Central Washington University,Kittitas County,53037,WA,149.982451970443,Central Washington University,2021-05-06,Public,WA,1,http://www.cwu.edu/message-president-james-gaudino?fbclid=IwAR2F8DQ1D75NBrCsxgkq5OgJJGkwXWBkghX1eIIK4tZ5jSWDWNISlHBTgqU
236948,University of Washington-Seattle Campus,King County,53033,WA,145.802519704434,University of Washington at Seattle,2021-05-03,Public,WA,1,https://www.washington.edu/coronavirus/2021/05/03/uw-student-vaccination-requirement/
237011,Western Washington University,Whatcom County,53073,WA,140.908415024631,Western Washington University,2021-05-05,Public,WA,1,https://president.wwu.edu/fall-2021-vaccine-requirements-students-and-employees
237118,Alderson Broaddus University,Barbour County,54001,WV,246.10318226601,Alvernia University,2021-05-24,Private,PA,1,https://www.alvernia.edu/current-students/health-wellness-center/health-alerts
237330,Concord University,Mercer County,54055,WV,248.638199507389,Howard University,2021-05-17,Private,DC,1,https://newsroom.howard.edu/newsroom/static/14406/office-president-update-student-covid-19-vaccination-requirements
237686,West Virginia University at Parkersburg,Wood County,54107,WV,228.155017241379,Kent State University at Trumbull,2021-08-27,Public,OH,1,https://www.kent.edu/coronavirus/news/kent-state-announces-covid-19-vaccine-requirement
237783,Salem University,Harrison County,54033,WV,253.567564039409,Salus University,2021-06-17,Private,PA,1,https://www.salus.edu/Salus/media/Images/Vaccine-Requirement.pdf
237792,Shepherd University,Jefferson County,54037,WV,213.087424876847,Stanford University,2021-04-22,Private,CA,1,https://news.stanford.edu/today/2021/04/22/student-vaccination-fall/
237932,West Liberty University,Ohio County,54069,WV,227.938541871921,Webster University,2021-07-22,Private,MO,1,https://news.webster.edu/2021/task-force-updates-covid-guidelines-vaccinations-required.php
238032,West Virginia University,Monongalia County,54061,WV,200.527197044335,Alvernia University,2021-05-24,Private,PA,1,https://www.alvernia.edu/current-students/health-wellness-center/health-alerts
238616,Concordia University-Wisconsin,Ozaukee County,55089,WI,214.050321428571,Concordia University at Chicago,2021-08-26,Private,IL,1,https://www.illinois.gov/government/executive-orders/executive-order.executive-order-number-20.2021.html
239071,Maranatha Baptist University,Jefferson County,55055,WI,217.61254679803,Mary Baldwin University,2021-04-28,Private,VA,1,https://marybaldwin.edu/news/2021/04/28/mbu-will-require-covid-vaccine/
240189,University of Wisconsin-Whitewater,Walworth County,55127,WI,221.440827586207,University of Cincinnati,2021-08-31,Public,OH,1,https://www.cincinnati.com/story/news/2021/08/31/university-cincinnati-announces-covid-19-vaccine-mandate/5671338001/
240374,University of Wisconsin-Parkside,Kenosha County,55059,WI,224.27082635468,University of Cincinnati,2021-08-31,Public,OH,1,https://www.cincinnati.com/story/news/2021/08/31/university-cincinnati-announces-covid-19-vaccine-mandate/5671338001/
240417,University of Wisconsin-Stout,Dunn County,55033,WI,250.860422413793,University of Cincinnati,2021-08-31,Public,OH,1,https://www.cincinnati.com/story/news/2021/08/31/university-cincinnati-announces-covid-19-vaccine-mandate/5671338001/
240471,University of Wisconsin-River Falls,Pierce County,55093,WI,230.952379310345,University of Cincinnati,2021-08-31,Public,OH,1,https://www.cincinnati.com/story/news/2021/08/31/university-cincinnati-announces-covid-19-vaccine-mandate/5671338001/
240480,University of Wisconsin-Stevens Point,Portage County,55097,WI,218.365850985222,University of Connecticut-Avery Point,2021-06-04,Public,CT,1,https://policy.uconn.edu/2021/06/04/covid-19-immunization-record-requirement-for-students/#
240727,University of Wyoming,Albany County,56001,WY,217.645751231527,University of Maine,2021-08-04,Public,ME,1,https://www.maine.edu/together/community-guidance/students/
241304,Columbia Central University-Caguas,Caguas Municipio,72025,PR,139.593705665025,Columbia University,2021-04-19,Private,NY,1,https://covid19.columbia.edu/news/fall-2021-vaccine-policy-update
241410,Pontifical Catholic University of Puerto Rico-Ponce,Ponce Municipio,72113,PR,110.159578817734,National University of Health Sciences,2021-08-26,Private,IL,1,https://www.illinois.gov/government/executive-orders/executive-order.executive-order-number-20.2021.html
241614,Universidad Teologica del Caribe,Trujillo Alto Municipio,72139,PR,122.707736453202,University of Delaware,2021-05-05,Public,DE,1,https://www.udel.edu/udaily/2021/may/covid-19-coronavirus-vaccination-requirement-students/
242617,Inter American University of Puerto Rico-San German,San Germn Municipio,72125,PR,88.3503830049261,Dominican University of California,2021-04-29,Private,CA,1,https://www.dominican.edu/fall-2021-campus-health-and-safety
243188,University of Puerto Rico-Utuado,Utuado Municipio,72141,PR,94.3863645320197,University of Puget Sound,2021-05-07,Private,WA,1,https://www.pugetsound.edu/about/office-of-the-president/messages-to-campus/student-vaccination-requirement-effective-fall-2021-5-7-21/
243197,University of Puerto Rico-Mayaguez,Mayagez Municipio,72097,PR,108.924587438424,University of Puget Sound,2021-05-07,Private,WA,1,https://www.pugetsound.edu/about/office-of-the-president/messages-to-campus/student-vaccination-requirement-effective-fall-2021-5-7-21/
243221,University of Puerto Rico-Rio Piedras,San Juan Municipio,72127,PR,151.039102216749,University of Detroit Mercy,2021-06-10,Private,MI,1,https://udmercy.edu/about/news/articles/2021/06-10-vaccine.php
260813,Platt College-Aurora,Arapahoe County,8005,CO,197.137735221675,Clark College,2021-08-20,Public,WA,0,https://www.governor.wa.gov/sites/default/files/proclamations/proc_20-12.5.pdf
383020,Midwest College of Oriental Medicine-Racine,Racine County,55101,WI,247.265233990148,Midwest College of Oriental Medicine-Evanston,2021-08-26,For-profit,IL,1,https://www.illinois.gov/government/executive-orders/executive-order.executive-order-number-20.2021.html
384254,Beacon College,Lake County,12069,FL,200.751525862069,Boston College,2021-04-23,Private,MA,1,https://www.bcheights.com/2021/04/23/bc-to-require-vaccinations-for-2021-2022-academic-year/
438498,Stratford University,Alexandria City,51510,VA,164.605560344828,Stanford University,2021-04-22,Private,CA,1,https://news.stanford.edu/today/2021/04/22/student-vaccination-fall/
441937,California State University-Channel Islands,Ventura County,6111,CA,186.038466748769,California State University-Channel Islands,2021-04-22,Public,CA,1,https://www2.calstate.edu/csu-system/news/Pages/CSU-COVID-Vax-Requirement-FDA-Approval.aspx
443784,Strayer University-Pennsylvania,Bucks County,42017,PA,169.12225,University of Pennsylvania,2021-04-22,Private,PA,1,https://penntoday.upenn.edu/announcements/update-penns-plans-fall-semester
446048,Ave Maria University,Collier County,12021,FL,190.576939655172,Alvernia University,2021-05-24,Private,PA,1,https://www.alvernia.edu/current-students/health-wellness-center/health-alerts
451820,The Art Institute of Austin,Bastrop County,48021,TX,210.950167487685,New York Institute of Technology,2021-08-23,Private,NY,1,https://www.nyit.edu/about/vaccination
474906,Stevens-Henager College,Bonneville County,16019,ID,222.83997044335,Green River College,2021-08-20,Public,WA,0,https://www.governor.wa.gov/sites/default/files/proclamations/proc_20-12.5.pdf
482680,University of North Georgia,Lumpkin County,13187,GA,180.951298029557,University of Northern Colorado,2021-04-28,Public,CO,1,https://www.unco.edu/fall-2021/covid-19-vaccines.aspx
485111,Georgia Military College,Baldwin County,13009,GA,181.637185960591,Anna Maria College,2021-04-29,Private,MA,1,https://www.masslive.com/worcester/2021/04/anna-maria-college-in-paxton-will-require-students-to-be-vaccinated-against-covid-to-return-to-campus-in-the-fall.html
488679,Indiana Wesleyan University-National & Global,Grant County,18053,IN,226.38009729064,Indiana University at Kokomo,2021-05-21,Public,IN,1,https://www.iu.edu/covid/prevention/covid-19-vaccine.html
489779,Purdue University Global,Marion County,18097,IN,201.003492610837,Aurora University,2021-08-18,Private,IL,1,https://aurora.edu/student-life/campus-services/wellness/coronavirus/faq.html
490805,Purdue University Northwest,Lake County,18089,IN,188.596060344828,Indiana University-Northwest,2021-05-21,Public,IN,1,https://www.iu.edu/covid/prevention/covid-19-vaccine.html
491613,Yeshiva Gedolah Tiferes Boruch,Somerset County,34035,NJ,178.360167487685,Yeshiva University,2021-05-04,Private,NY,1,https://www.yu.edu/covid-19-info/faqs-vaccinations
